Formula,Stearic_Acid_%,Beeswax_%,Liquid_Paraffin_%,Lanolin_%,Triethanolamine_%,Sorbitol_%,Disodium_EDTA_%,Methylparaben_%,Propylene_Glycol_%,Propylparaben_%,Tween_80_%,Water_%,Perfume_%,Viscosity_cps,pH,Spreadability_cm,Washability_sec,HLB,Stability,Data_Source,Evidence_DOI
F0001,12.837,2.7508,23.8401,2.7508,1.8339,1.8339,1.8339,0.0367,3.6677,0.0183,1.8339,45.8463,0.9169,2670,6.1,9,10,11.76,Stable,Original Journal Data,10.55248/gengpi.4.1223.123318
F0002,14.9449,0.9341,22.4173,2.8022,1.8681,1.8681,1.8681,0.0374,3.7362,0.0187,1.8681,46.7028,0.9341,2639,5.8,9.2,10,12.06,Stable,Original Journal Data,10.55248/gengpi.4.1223.123318
F0003,11.422,2.8555,22.8441,2.8555,1.9037,1.9037,1.9037,0.0381,3.8073,0.019,1.9037,47.5919,0.9518,2235,6.3,8.6,7,11.67,Stable,Original Journal Data,10.55248/gengpi.4.1223.123318
F0004,14.5375,1.8172,23.6235,2.7258,1.8172,1.8172,1.8172,0.0363,3.6344,0.0182,1.8172,45.4298,0.9086,2790,5.9,8.6,11,11.94,Stable,Original Journal Data,10.55248/gengpi.4.1223.123318
F0005,15.2294,0.9518,20.9404,2.8555,1.9037,1.9037,1.9037,0.0381,3.8073,0.019,1.9037,47.5919,0.9518,2570,5.9,8.5,9,12.13,Stable,Original Journal Data,10.55248/gengpi.4.1223.123318
F0006,13.2001,1.8857,22.6287,2.8286,1.8857,1.8857,1.8857,0.0377,3.7715,0.0189,1.8857,47.1431,0.9429,2567,6.3,8.9,9,11.87,Stable,Original Journal Data,10.55248/gengpi.4.1223.123318
F0007,11.3144,1.8857,24.5144,2.8286,1.8857,1.8857,1.8857,0.0377,3.7715,0.0189,1.8857,47.1431,0.9429,2368,6.4,8.6,8,11.68,Stable,Original Journal Data,10.55248/gengpi.4.1223.123318
F0008,13.3257,2.8555,20.9404,2.8555,1.9037,1.9037,1.9037,0.0381,3.8073,0.019,1.9037,47.5919,0.9518,2510,6.2,8.4,9,11.87,Stable,Original Journal Data,10.55248/gengpi.4.1223.123318
F0009,13.5843,0.9703,21.3468,2.9109,1.9406,1.9406,1.9406,0.0388,3.8812,0.0194,1.9406,48.5154,0.9703,2459,6,8.3,8,12,Stable,Original Journal Data,10.55248/gengpi.4.1223.123318
F0010,14.6708,2.7508,22.0062,2.7508,1.8339,1.8339,1.8339,0.0367,3.6677,0.0183,1.8339,45.8463,0.9169,2839,6.5,9.1,12,11.94,Stable,Original Journal Data,10.55248/gengpi.4.1223.123318
F0011,11.7578,1.9596,21.5559,2.9394,1.9596,1.9596,1.9596,0.0392,3.9193,0.0196,1.9596,48.9908,0.9798,2205,5.7,8.2,7,11.79,Stable,Original Journal Data,10.55248/gengpi.4.1223.123318
F0012,11.422,0.9518,24.7478,2.8555,1.9037,1.9037,1.9037,0.0381,3.8073,0.019,1.9037,47.5919,0.9518,2540,5.9,8.5,9,11.74,Stable,Original Journal Data,10.55248/gengpi.4.1223.123318
F0013,11.1968,3.3018,23.0754,2.6611,1.5453,1.5453,1.4946,0.0382,3.5507,0.0183,1.4753,49.1497,0.9475,2466.9,6.29,8.69,8.2,11.6,Stable,Simulated (based on journal's BBD model),"10.55248/gengpi.4.1223.123318 (simulated, derived design space)"
F0014,13.5092,1.9682,20.4518,2.9502,1.6972,1.7843,1.8267,0.0376,4.1315,0.0173,1.9111,48.8929,0.822,2519.4,5.99,8.19,7.3,11.95,Stable,Simulated (based on journal's BBD model),"10.55248/gengpi.4.1223.123318 (simulated, derived design space)"
F0015,15.7688,2.1365,19.8354,3.0528,1.7534,2.2884,1.8906,0.0427,3.846,0.0205,2.0667,46.1356,1.1626,2549.5,5.94,8.43,6.7,12.12,Stable,Simulated (based on journal's BBD model),"10.55248/gengpi.4.1223.123318 (simulated, derived design space)"
F0016,12.573,3.5306,23.0173,2.8955,2.0926,1.8435,2.2534,0.036,4.7357,0.0223,1.8793,43.9899,1.1308,2242.1,6.17,8.53,8.4,11.71,Stable,Simulated (based on journal's BBD model),"10.55248/gengpi.4.1223.123318 (simulated, derived design space)"
F0017,15.2714,2.4565,19.8478,2.3553,1.7043,1.712,1.9312,0.0376,4.0332,0.0179,1.6006,48.0582,0.974,2706.9,6.91,9.1,9.5,12.09,Needs Evaluation,Simulated (based on journal's BBD model),"10.55248/gengpi.4.1223.123318 (simulated, derived design space)"
F0018,14.1748,0.725,20.3794,2.7232,2.1989,1.9948,2.1179,0.0474,3.9071,0.0206,2.2744,48.5143,0.9222,2197.6,6.03,7.98,7.3,12.13,Stable,Simulated (based on journal's BBD model),"10.55248/gengpi.4.1223.123318 (simulated, derived design space)"
F0019,13.9344,1.0469,24.3507,2.5745,1.8527,1.8978,1.6037,0.03,3.1157,0.0166,1.8581,46.9963,0.7227,2961.8,5.85,8.78,9.1,11.94,Stable,Simulated (based on journal's BBD model),"10.55248/gengpi.4.1223.123318 (simulated, derived design space)"
F0020,12.5743,3.7679,21.6603,2.9868,2.1007,1.8991,2.2603,0.0451,3.6652,0.0198,1.8618,46.3063,0.8525,2353.9,6.37,8.33,8.4,11.72,Stable,Simulated (based on journal's BBD model),"10.55248/gengpi.4.1223.123318 (simulated, derived design space)"
F0021,10.1891,2.0673,27.2349,2.5272,1.9204,1.9695,1.6824,0.039,3.5074,0.019,1.8993,46.1435,0.8008,2516.4,6.41,8.8,10.5,11.54,Stable,Simulated (based on journal's BBD model),"10.55248/gengpi.4.1223.123318 (simulated, derived design space)"
F0022,9.6452,2.2285,19.7211,2.98,1.7178,2.0128,1.8391,0.0431,3.3935,0.0181,1.683,53.6582,1.0596,1716.9,6.17,8.12,8.8,11.63,Needs Evaluation,Simulated (based on journal's BBD model),"10.55248/gengpi.4.1223.123318 (simulated, derived design space)"
F0023,13.4108,1.3397,18.0075,3.1626,2.1102,1.9591,1.7929,0.036,4.0232,0.0211,2.1027,51.0521,0.9821,2409.3,6.03,8.27,6.6,12.07,Stable,Simulated (based on journal's BBD model),"10.55248/gengpi.4.1223.123318 (simulated, derived design space)"
F0024,15.612,2.8306,20.7936,3.2067,1.8515,1.9046,2.1585,0.042,4.4409,0.021,2.0511,44.1223,0.9651,2513.4,6.26,8.31,8.4,12.01,Stable,Simulated (based on journal's BBD model),"10.55248/gengpi.4.1223.123318 (simulated, derived design space)"
F0025,15.8006,2.5318,25.3912,2.7683,1.8866,1.84,1.6755,0.0393,3.4456,0.0158,1.9246,41.6367,1.0439,3011.3,6.17,9.3,11.9,11.93,Needs Evaluation,Simulated (based on journal's BBD model),"10.55248/gengpi.4.1223.123318 (simulated, derived design space)"
F0026,13.2166,3.5301,22.0294,2.7306,2.0552,2.2852,2.1396,0.0413,3.5531,0.0209,2.3178,45.0643,1.0159,2337.1,6.56,8.43,9.5,11.83,Needs Evaluation,Simulated (based on journal's BBD model),"10.55248/gengpi.4.1223.123318 (simulated, derived design space)"
F0027,11.2913,1.4015,24.3017,2.8755,1.947,1.9713,1.7598,0.0351,3.8216,0.0183,1.8601,47.7372,0.9795,2554.7,6.02,8.64,8.1,11.71,Stable,Simulated (based on journal's BBD model),"10.55248/gengpi.4.1223.123318 (simulated, derived design space)"
F0028,9.6908,2.0564,23.09,2.645,1.9353,1.6186,1.6225,0.0413,3.61,0.0167,1.8966,50.9149,0.8617,2032.8,6.1,8.16,6.8,11.6,Stable,Simulated (based on journal's BBD model),"10.55248/gengpi.4.1223.123318 (simulated, derived design space)"
F0029,12.2383,2.3641,22.8216,2.9289,1.717,1.6179,1.86,0.0318,3.3547,0.0149,1.4653,48.645,0.9404,2856.9,6.16,8.78,9.1,11.73,Stable,Simulated (based on journal's BBD model),"10.55248/gengpi.4.1223.123318 (simulated, derived design space)"
F0030,11.3836,2.3402,25.2059,2.9822,1.7717,2.1558,2.0323,0.0386,3.9211,0.0185,1.7534,45.3748,1.0218,2492,5.97,8.79,9.4,11.62,Stable,Simulated (based on journal's BBD model),"10.55248/gengpi.4.1223.123318 (simulated, derived design space)"
F0031,12.9545,2.0546,18.6684,2.734,1.8029,1.9242,1.9349,0.0321,3.5792,0.0193,1.8613,51.4606,0.974,2403.8,6.26,8.24,7.9,11.98,Stable,Simulated (based on journal's BBD model),"10.55248/gengpi.4.1223.123318 (simulated, derived design space)"
F0032,14.2353,1.8713,25.0706,2.8877,1.9762,2.2077,1.8829,0.0444,4.3732,0.0177,1.6977,42.9013,0.8339,2705.2,6.03,8.95,9.5,11.85,Stable,Simulated (based on journal's BBD model),"10.55248/gengpi.4.1223.123318 (simulated, derived design space)"
F0033,15.7456,0.6381,26.0942,2.6341,1.6638,1.99,1.9517,0.0418,4.0231,0.0205,1.7562,42.4307,1.0102,2759.1,5.69,8.92,11.1,12.02,Stable,Simulated (based on journal's BBD model),"10.55248/gengpi.4.1223.123318 (simulated, derived design space)"
F0034,15.9509,3.217,21.164,2.9493,1.9682,1.6109,2.0494,0.0366,4.0154,0.0173,2.0456,44.1952,0.7801,2722.2,6.47,9.01,10.9,12.02,Stable,Simulated (based on journal's BBD model),"10.55248/gengpi.4.1223.123318 (simulated, derived design space)"
F0035,14.3369,2.0234,20.4926,2.7101,2.0032,2.0489,2.0713,0.0414,3.3421,0.019,1.6518,48.3236,0.9356,2619.9,6.24,8.47,9.9,12.01,Stable,Simulated (based on journal's BBD model),"10.55248/gengpi.4.1223.123318 (simulated, derived design space)"
F0036,9.9006,0.8115,24.1921,2.3957,2.0088,1.9453,1.6018,0.0321,4.1988,0.0176,1.7608,50.0959,1.0389,2197.9,5.93,8.39,9.8,11.68,Stable,Simulated (based on journal's BBD model),"10.55248/gengpi.4.1223.123318 (simulated, derived design space)"
F0037,13.0088,3.5758,18.7787,2.9073,1.6578,1.9243,1.684,0.0344,3.4393,0.0203,2.0859,49.7776,1.1059,2156.7,6.34,7.84,7,11.88,Stable,Simulated (based on journal's BBD model),"10.55248/gengpi.4.1223.123318 (simulated, derived design space)"
F0038,15.2298,0.5516,25.4939,2.2268,1.9222,1.7346,1.9747,0.03,3.4962,0.0196,1.7322,44.6775,0.9107,2861.3,5.96,10.05,13.6,12.04,Stable,Simulated (based on journal's BBD model),"10.55248/gengpi.4.1223.123318 (simulated, derived design space)"
F0039,10.2147,1.5329,28.9826,3.3031,1.945,2.0423,1.8396,0.0357,3.8996,0.0188,2.0207,43.0388,1.1259,2312.9,6.08,8.37,9.2,11.49,Stable,Simulated (based on journal's BBD model),"10.55248/gengpi.4.1223.123318 (simulated, derived design space)"
F0040,10.4749,3.4269,25.8334,3.156,1.9794,1.9169,1.8083,0.0419,4.1148,0.016,1.5904,44.6278,1.0133,2340.9,6.32,8.37,9.5,11.45,Stable,Simulated (based on journal's BBD model),"10.55248/gengpi.4.1223.123318 (simulated, derived design space)"
F0041,13.6699,1.5699,19.1692,3.4161,2.2455,2.3605,2.3586,0.0417,4.4368,0.0233,2.2681,47.4293,1.0112,2278.4,6.21,7.79,8,12.02,Stable,Simulated (based on journal's BBD model),"10.55248/gengpi.4.1223.123318 (simulated, derived design space)"
F0042,12.768,0.9786,25.8617,2.9954,2.147,1.9969,2.1946,0.0403,4.0423,0.0221,1.9274,44.1735,0.8521,2605.7,5.7,8.87,10.5,11.79,Stable,Simulated (based on journal's BBD model),"10.55248/gengpi.4.1223.123318 (simulated, derived design space)"
F0043,10.8604,0.6359,21.7453,3.0169,1.8951,1.9217,2.1959,0.0374,3.9333,0.0213,1.8976,50.7536,1.0857,2083.1,5.79,8.18,5.8,11.79,Stable,Simulated (based on journal's BBD model),"10.55248/gengpi.4.1223.123318 (simulated, derived design space)"
F0044,17.4138,2.2205,21.4204,3.0455,1.8,1.7038,1.7348,0.0347,3.4966,0.0174,2.0347,44.1469,0.9309,2739.4,6.01,8.86,10.2,12.15,Stable,Simulated (based on journal's BBD model),"10.55248/gengpi.4.1223.123318 (simulated, derived design space)"
F0045,11.5541,0.74,20.0547,2.8046,1.8087,1.7556,1.7748,0.0396,3.6526,0.0192,2.0048,52.9284,0.863,2082.8,6.02,8.14,6.8,11.93,Stable,Simulated (based on journal's BBD model),"10.55248/gengpi.4.1223.123318 (simulated, derived design space)"
F0046,14.9241,1.1458,19.1495,2.6919,1.8585,1.9334,1.7937,0.0369,4.0115,0.0161,1.7285,49.666,1.0443,2587.2,5.94,9.21,9.8,12.17,Stable,Simulated (based on journal's BBD model),"10.55248/gengpi.4.1223.123318 (simulated, derived design space)"
F0047,13.6245,1.3608,20.2834,2.7606,1.6356,1.8088,1.7453,0.0362,3.3856,0.0213,1.9644,50.3352,1.0383,2466.8,6.44,8.23,8.8,12.03,Stable,Simulated (based on journal's BBD model),"10.55248/gengpi.4.1223.123318 (simulated, derived design space)"
F0048,16.3188,2.1137,19.9656,2.8678,1.9605,2.134,2.0879,0.0391,4.6858,0.0211,1.8833,45.0065,0.9158,2497.4,6.02,8.3,7,12.15,Stable,Simulated (based on journal's BBD model),"10.55248/gengpi.4.1223.123318 (simulated, derived design space)"
F0049,11.7261,3.7577,19.5275,3.1121,2.0042,2.3576,1.8199,0.0399,4.6993,0.0229,2.2555,47.7494,0.9281,1855.8,6.75,8.02,8.9,11.74,Needs Evaluation,Simulated (based on journal's BBD model),"10.55248/gengpi.4.1223.123318 (simulated, derived design space)"
F0050,12.6979,3.3366,21.0022,2.9476,2.0284,2.0796,1.9145,0.0367,4.2874,0.0194,2.1254,46.4926,1.0316,2122.6,6.13,7.98,6.6,11.8,Stable,Simulated (based on journal's BBD model),"10.55248/gengpi.4.1223.123318 (simulated, derived design space)"
F0051,9.6204,3.6312,20.023,3.0022,1.6964,1.9309,1.9742,0.0377,3.6312,0.0178,1.7482,51.6802,1.0064,1750,6.49,8.13,9.1,11.53,Needs Evaluation,Simulated (based on journal's BBD model),"10.55248/gengpi.4.1223.123318 (simulated, derived design space)"
F0052,15.2595,0.9804,25.1154,2.4907,1.6397,1.64,1.9958,0.0383,3.6727,0.0175,2.0301,44.1215,0.9985,2811.8,5.54,8.84,9.3,12.03,Stable,Simulated (based on journal's BBD model),"10.55248/gengpi.4.1223.123318 (simulated, derived design space)"
F0053,15.5557,2.2478,20.2336,3.2702,1.879,1.9722,2.1842,0.0404,3.4461,0.022,2.0214,46.2593,0.8681,2667.6,6.36,8.67,9.2,12.06,Stable,Simulated (based on journal's BBD model),"10.55248/gengpi.4.1223.123318 (simulated, derived design space)"
F0054,16.3386,1.1177,21.7804,2.7787,2.1503,1.7233,2.0457,0.0432,4.4603,0.0191,2.1968,44.2401,1.106,2523.1,5.85,8.63,9.4,12.18,Stable,Simulated (based on journal's BBD model),"10.55248/gengpi.4.1223.123318 (simulated, derived design space)"
F0055,11.1768,2.886,25.1609,2.9534,1.9988,1.9131,1.7483,0.036,3.417,0.0212,1.9362,45.8186,0.9337,2535,6.2,8.72,9.3,11.59,Stable,Simulated (based on journal's BBD model),"10.55248/gengpi.4.1223.123318 (simulated, derived design space)"
F0056,14.2847,3.1715,20.8516,2.6732,1.8961,1.7874,1.5074,0.0344,3.4734,0.0164,1.8022,47.5529,0.9488,2774.5,6.5,8.83,10.8,11.93,Stable,Simulated (based on journal's BBD model),"10.55248/gengpi.4.1223.123318 (simulated, derived design space)"
F0057,14.9137,1.981,18.8895,2.8872,2.2089,1.724,1.9238,0.0393,4.0953,0.0228,1.9316,48.2985,1.0846,2386.9,5.89,7.9,6.6,12.11,Stable,Simulated (based on journal's BBD model),"10.55248/gengpi.4.1223.123318 (simulated, derived design space)"
F0058,11.5989,2.3322,23.4061,3.4289,1.949,2.0821,2.1136,0.0347,4.2653,0.0184,2.3141,45.4662,0.9904,2174.9,6.12,8.85,9.7,11.69,Stable,Simulated (based on journal's BBD model),"10.55248/gengpi.4.1223.123318 (simulated, derived design space)"
F0059,11.5933,3.6265,20.3111,2.7016,1.7093,1.9686,2.0239,0.0345,4.2988,0.0196,1.9998,48.75,0.9631,1987.9,6.42,7.82,6.2,11.73,Needs Evaluation,Simulated (based on journal's BBD model),"10.55248/gengpi.4.1223.123318 (simulated, derived design space)"
F0060,17.1618,1.8259,20.7565,3.0571,1.9002,1.6755,1.7521,0.0416,4.0936,0.0168,1.7907,44.901,1.0272,2659,5.87,8.66,9.9,12.17,Stable,Simulated (based on journal's BBD model),"10.55248/gengpi.4.1223.123318 (simulated, derived design space)"
F0061,10.9421,1.4462,27.0293,3.3652,2.228,1.9646,2.1294,0.037,3.8027,0.0227,1.731,44.3771,0.9248,2345.4,5.72,8.21,6.8,11.57,Stable,Simulated (based on journal's BBD model),"10.55248/gengpi.4.1223.123318 (simulated, derived design space)"
F0062,11.9813,2.3958,19.4978,2.8596,1.788,1.8667,1.8027,0.0345,4.1705,0.0198,1.6395,51.0283,0.9155,2344.9,6.13,8.32,8,11.83,Stable,Simulated (based on journal's BBD model),"10.55248/gengpi.4.1223.123318 (simulated, derived design space)"
F0063,10.8743,2.1853,22.9148,2.4901,1.5964,1.97,2.0502,0.0361,3.2276,0.0167,1.5315,50.3147,0.7924,2456.6,6.52,8.26,8.6,11.67,Needs Evaluation,Simulated (based on journal's BBD model),"10.55248/gengpi.4.1223.123318 (simulated, derived design space)"
F0064,16.3888,1.2823,17.8604,2.6332,2.2065,2.191,2.0276,0.0406,4.1352,0.0178,2.215,48.0511,0.9505,2427.7,6.09,8.25,7,12.34,Stable,Simulated (based on journal's BBD model),"10.55248/gengpi.4.1223.123318 (simulated, derived design space)"
F0065,9.9711,2.4789,19.5862,2.7123,1.7518,1.7893,1.9932,0.0351,3.8152,0.0186,1.9622,52.8858,1.0004,1808.4,6.18,8.15,6.8,11.69,Needs Evaluation,Simulated (based on journal's BBD model),"10.55248/gengpi.4.1223.123318 (simulated, derived design space)"
F0066,12.9591,1.523,23.902,2.3208,1.5306,1.8743,1.7518,0.0371,3.4398,0.0162,1.9221,47.7947,0.9283,2733.3,5.89,9.18,10.5,11.89,Stable,Simulated (based on journal's BBD model),"10.55248/gengpi.4.1223.123318 (simulated, derived design space)"
F0067,14.5058,0.8912,24.5992,2.4692,1.5152,1.6943,1.8605,0.0358,3.6543,0.0175,1.7698,46.2135,0.7738,2958,6.04,9.19,10.9,11.99,Stable,Simulated (based on journal's BBD model),"10.55248/gengpi.4.1223.123318 (simulated, derived design space)"
F0068,10.7573,3.1117,22.5881,3.5419,2.3906,2.3737,2.0784,0.0464,4.6222,0.0198,2.3013,45.0911,1.0775,1794.7,6.27,7.94,6.3,11.59,Needs Evaluation,Simulated (based on journal's BBD model),"10.55248/gengpi.4.1223.123318 (simulated, derived design space)"
F0069,13.555,3.2656,20.0189,3.02,2.1567,2.3173,2.0156,0.0442,4.7565,0.0221,1.9607,45.6834,1.1841,2142.4,6.52,8.19,6.9,11.88,Needs Evaluation,Simulated (based on journal's BBD model),"10.55248/gengpi.4.1223.123318 (simulated, derived design space)"
F0070,12.517,2.1136,24.1808,3.16,2.1694,2.0468,1.8476,0.037,4.0586,0.0175,1.6729,45.2921,0.8867,2540.1,6.11,8.5,8.8,11.72,Stable,Simulated (based on journal's BBD model),"10.55248/gengpi.4.1223.123318 (simulated, derived design space)"
F0071,13.2462,2.949,20.8897,3.4497,2.2003,1.7767,1.9762,0.0451,4.5932,0.0201,2.0952,45.5963,1.1624,2390.1,5.96,8.5,8.7,11.82,Stable,Simulated (based on journal's BBD model),"10.55248/gengpi.4.1223.123318 (simulated, derived design space)"
F0072,11.6352,1.376,20.6327,3.3152,1.9474,1.7686,2.326,0.0455,4.6015,0.0234,1.8396,49.3903,1.0985,2063.2,5.86,7.85,7.2,11.81,Stable,Simulated (based on journal's BBD model),"10.55248/gengpi.4.1223.123318 (simulated, derived design space)"
F0073,10.6532,2.1917,22.6927,2.7757,1.5856,2.0117,1.68,0.0321,4.0357,0.0205,2.0034,49.3719,0.9456,2345.2,5.81,8.35,6.8,11.67,Stable,Simulated (based on journal's BBD model),"10.55248/gengpi.4.1223.123318 (simulated, derived design space)"
F0074,11.0466,2.7983,21.9052,2.3989,1.6757,1.9298,1.5966,0.0404,3.6531,0.0182,1.8799,50.1844,0.8728,2398.3,6.37,8.6,8.5,11.71,Stable,Simulated (based on journal's BBD model),"10.55248/gengpi.4.1223.123318 (simulated, derived design space)"
F0075,13.6464,2.3651,23.5005,2.7748,1.7704,1.8348,1.765,0.0351,3.4512,0.0179,1.4956,46.417,0.9261,2930.2,6.13,9.23,11.4,11.82,Stable,Simulated (based on journal's BBD model),"10.55248/gengpi.4.1223.123318 (simulated, derived design space)"
F0076,14.5468,3.0153,21.1819,2.2473,1.6462,1.8203,2.0125,0.0366,3.2637,0.0183,1.7797,47.6558,0.7756,2848.5,6.39,8.99,10.4,11.98,Stable,Simulated (based on journal's BBD model),"10.55248/gengpi.4.1223.123318 (simulated, derived design space)"
F0077,14.3007,3.5786,18.2594,3.2222,2.0061,1.6528,1.7856,0.0404,3.3051,0.0195,1.8112,49.1982,0.8201,2355.8,6.44,8.4,6.1,11.94,Stable,Simulated (based on journal's BBD model),"10.55248/gengpi.4.1223.123318 (simulated, derived design space)"
F0078,15.7703,2.8521,22.7832,2.7283,2.2424,1.9082,1.9229,0.0351,4.2479,0.0206,1.7879,42.6725,1.0285,2777,6.42,8.55,8.6,11.98,Stable,Simulated (based on journal's BBD model),"10.55248/gengpi.4.1223.123318 (simulated, derived design space)"
F0079,12.9553,2.6875,22.0849,2.7125,2.2214,1.887,2.1691,0.0357,3.5456,0.0167,2.028,46.5806,1.0759,2447.8,6.28,8.58,8.6,11.84,Stable,Simulated (based on journal's BBD model),"10.55248/gengpi.4.1223.123318 (simulated, derived design space)"
F0080,15.0504,2.9902,26.1201,3.003,1.9269,1.6512,1.5962,0.0418,3.8432,0.0202,1.8463,41.0865,0.8239,3059.4,6.33,9.14,9.1,11.81,Needs Evaluation,Simulated (based on journal's BBD model),"10.55248/gengpi.4.1223.123318 (simulated, derived design space)"
F0081,10.8306,2.6564,21.8679,3.3663,1.9431,2.0326,1.7584,0.0359,3.9877,0.0205,2.1221,48.288,1.0904,1912.2,6.16,8.11,6.8,11.64,Needs Evaluation,Simulated (based on journal's BBD model),"10.55248/gengpi.4.1223.123318 (simulated, derived design space)"
F0082,10.708,1.4057,29.4781,2.6458,1.9751,2.0458,2.0958,0.0402,3.3704,0.0187,1.9862,43.2866,0.9436,2391.9,6.29,8.66,9.8,11.57,Stable,Simulated (based on journal's BBD model),"10.55248/gengpi.4.1223.123318 (simulated, derived design space)"
F0083,15.1131,1.1797,18.4344,2.4359,1.918,1.9567,1.5836,0.0417,3.1898,0.0187,1.9581,51.1899,0.9804,2577,6,8.41,9.3,12.25,Stable,Simulated (based on journal's BBD model),"10.55248/gengpi.4.1223.123318 (simulated, derived design space)"
F0084,14.1816,1.8332,22.0574,2.5929,1.8341,1.4997,1.4888,0.0317,3.0797,0.0191,1.5705,48.9957,0.8155,2822.8,6.12,9.2,13.1,11.96,Stable,Simulated (based on journal's BBD model),"10.55248/gengpi.4.1223.123318 (simulated, derived design space)"
F0085,13.9113,2.9332,19.978,3.3198,2.2008,2.0133,1.7527,0.0406,3.3583,0.0166,1.7863,47.6195,1.0696,2512.4,5.95,8.6,8,11.89,Stable,Simulated (based on journal's BBD model),"10.55248/gengpi.4.1223.123318 (simulated, derived design space)"
F0086,13.0957,3.9969,18.6629,3.3631,2.0673,1.9825,2.1561,0.0402,4.4918,0.0226,1.9722,47.1108,1.0378,2143.7,6.33,8.35,8.6,11.81,Stable,Simulated (based on journal's BBD model),"10.55248/gengpi.4.1223.123318 (simulated, derived design space)"
F0087,14.9,3.4967,19.0968,2.6185,2.1629,1.7135,2.0963,0.0378,3.5024,0.0211,1.8638,47.5827,0.9074,2513.1,6.53,8.23,7.7,12.02,Needs Evaluation,Simulated (based on journal's BBD model),"10.55248/gengpi.4.1223.123318 (simulated, derived design space)"
F0088,12.0305,2.8248,21.8395,3.2368,1.7734,2.2753,1.9666,0.0367,3.4782,0.018,2.0061,47.4186,1.0955,2179.3,6.51,7.92,7.7,11.72,Needs Evaluation,Simulated (based on journal's BBD model),"10.55248/gengpi.4.1223.123318 (simulated, derived design space)"
F0089,12.3827,1.2779,20.142,3.5093,2.2919,2.168,2.4102,0.0477,4.4811,0.0243,1.9918,48.2564,1.0168,1885.7,5.92,7.86,5.5,11.88,Needs Evaluation,Simulated (based on journal's BBD model),"10.55248/gengpi.4.1223.123318 (simulated, derived design space)"
F0090,15.981,1.5321,22.0325,2.3667,1.6364,2.0965,2.0847,0.0312,4.1548,0.0191,2.0314,45.1147,0.919,2749.9,6.26,9.49,10.6,12.15,Stable,Simulated (based on journal's BBD model),"10.55248/gengpi.4.1223.123318 (simulated, derived design space)"
F0091,10.2448,2.5488,26.143,2.3238,1.8554,1.7343,1.9589,0.0319,3.7321,0.0194,1.9994,46.5269,0.8813,2520.9,6.12,9.15,10.7,11.57,Stable,Simulated (based on journal's BBD model),"10.55248/gengpi.4.1223.123318 (simulated, derived design space)"
F0092,14.6026,2.4643,21.8593,2.2967,1.7537,1.6206,1.7498,0.0295,3.5063,0.0192,1.447,47.8375,0.8136,2923.8,6.62,9.29,11.6,11.97,Needs Evaluation,Simulated (based on journal's BBD model),"10.55248/gengpi.4.1223.123318 (simulated, derived design space)"
F0093,16.9271,1.9624,21.7943,3.1321,2.1717,2.1446,2.1658,0.039,4.3554,0.0176,2.0147,42.3336,0.9418,2573.5,5.95,8.5,10.3,12.12,Stable,Simulated (based on journal's BBD model),"10.55248/gengpi.4.1223.123318 (simulated, derived design space)"
F0094,13.1107,1.358,21.6869,2.6575,1.6825,1.9894,2.0269,0.04,3.8168,0.0186,2.1398,48.5142,0.9587,2365.1,6.17,8.17,10.2,11.97,Stable,Simulated (based on journal's BBD model),"10.55248/gengpi.4.1223.123318 (simulated, derived design space)"
F0095,12.5778,2.7085,23.4879,2.7048,1.9238,1.4479,1.538,0.0288,3.5347,0.0189,1.5622,47.7322,0.7346,2873.4,6.3,9.06,9.3,11.74,Stable,Simulated (based on journal's BBD model),"10.55248/gengpi.4.1223.123318 (simulated, derived design space)"
F0096,12.5052,1.6273,22.4989,3.3952,2.0992,1.9574,2.1435,0.0442,3.8666,0.0202,1.8395,46.9091,1.0938,2143.7,5.89,8.26,8.2,11.79,Stable,Simulated (based on journal's BBD model),"10.55248/gengpi.4.1223.123318 (simulated, derived design space)"
F0097,12.3241,1.2481,25.0535,2.5305,1.851,1.7209,1.4632,0.0353,3.8499,0.0175,1.8577,47.2697,0.7785,2831.5,6.18,9.35,10.9,11.8,Stable,Simulated (based on journal's BBD model),"10.55248/gengpi.4.1223.123318 (simulated, derived design space)"
F0098,16.0964,1.686,19.5049,3.0438,1.7452,2.0528,1.8288,0.0393,3.2891,0.0194,1.8446,48.0071,0.8426,2630.9,6.05,8.84,9.5,12.17,Stable,Simulated (based on journal's BBD model),"10.55248/gengpi.4.1223.123318 (simulated, derived design space)"
F0099,9.8509,2.6903,24.4459,2.9411,1.7781,1.8703,1.9884,0.0386,4.4332,0.0172,2.0468,46.953,0.946,2061.1,6.24,8.59,8.3,11.52,Stable,Simulated (based on journal's BBD model),"10.55248/gengpi.4.1223.123318 (simulated, derived design space)"
F0100,15.5309,1.6268,20.1241,2.7894,2.3747,1.9273,2.011,0.039,4.0624,0.0185,2.1357,46.2028,1.1575,2300,6.08,8.3,8.8,12.15,Stable,Simulated (based on journal's BBD model),"10.55248/gengpi.4.1223.123318 (simulated, derived design space)"
F0101,12.8079,1.529,19.7511,2.8308,2.0621,1.8831,1.827,0.0384,3.5543,0.0156,1.8294,51.0608,0.8105,2556.1,5.86,8.28,8,11.96,Stable,Simulated (based on journal's BBD model),"10.55248/gengpi.4.1223.123318 (simulated, derived design space)"
F0102,12.8366,2.9923,20.9218,2.971,2.0546,2.1292,1.7371,0.0366,3.381,0.0217,2.1291,47.7486,1.0405,2449,6.34,8.95,9.7,11.83,Stable,Simulated (based on journal's BBD model),"10.55248/gengpi.4.1223.123318 (simulated, derived design space)"
F0103,10.5862,3.2739,26.3022,3.0619,1.6537,1.8075,1.7844,0.0368,3.3667,0.0217,1.952,45.2223,0.9308,2152,6.45,9.13,10.6,11.49,Stable,Simulated (based on journal's BBD model),"10.55248/gengpi.4.1223.123318 (simulated, derived design space)"
F0104,11.9336,3.3928,24.0941,2.3376,1.9284,1.5112,1.8704,0.0329,3.8028,0.019,1.8645,46.4089,0.8038,2645,6.54,9.02,9.3,11.69,Needs Evaluation,Simulated (based on journal's BBD model),"10.55248/gengpi.4.1223.123318 (simulated, derived design space)"
F0105,11.7231,3.5963,23.5876,3.0208,1.6338,2.0356,2.0691,0.0366,3.7895,0.0198,1.6571,45.9406,0.8902,2336.9,6.51,8.61,9,11.6,Needs Evaluation,Simulated (based on journal's BBD model),"10.55248/gengpi.4.1223.123318 (simulated, derived design space)"
F0106,12.3494,1.5232,22.0874,2.7025,1.6179,1.9125,1.6787,0.038,3.8353,0.0164,1.5935,49.7386,0.9064,2517.2,5.9,8.64,8.7,11.84,Stable,Simulated (based on journal's BBD model),"10.55248/gengpi.4.1223.123318 (simulated, derived design space)"
F0107,13.7856,0.7203,21.3946,3.0584,1.9417,1.8359,1.6714,0.0368,3.5778,0.0174,1.5779,49.5084,0.8739,2570,6.09,8.72,8.9,11.99,Stable,Simulated (based on journal's BBD model),"10.55248/gengpi.4.1223.123318 (simulated, derived design space)"
F0108,16.7466,3.3935,19.1353,3.0863,2.0988,1.8062,1.9585,0.0455,3.7617,0.0213,1.9303,45.0426,0.9734,2472.1,6.4,8.3,6.9,12.1,Stable,Simulated (based on journal's BBD model),"10.55248/gengpi.4.1223.123318 (simulated, derived design space)"
F0109,12.8175,3.2627,18.0272,2.8102,1.6827,1.7812,2.014,0.0373,3.6202,0.0182,1.8572,51.021,1.0506,2189.1,6.07,8.41,7.9,11.9,Stable,Simulated (based on journal's BBD model),"10.55248/gengpi.4.1223.123318 (simulated, derived design space)"
F0110,15.5326,0.6785,26.7631,2.7536,1.9336,1.946,2.0773,0.0387,3.8413,0.0162,1.8674,41.5569,0.9947,2897.8,5.75,9.84,13,11.98,Stable,Simulated (based on journal's BBD model),"10.55248/gengpi.4.1223.123318 (simulated, derived design space)"
F0111,10.498,0.6368,29.2771,3.1919,1.8989,1.8651,1.8968,0.043,4.1651,0.018,1.7922,43.6762,1.0409,2351.6,5.93,8.64,10.4,11.54,Stable,Simulated (based on journal's BBD model),"10.55248/gengpi.4.1223.123318 (simulated, derived design space)"
F0112,12.0987,1.2041,18.0307,2.8761,2.0061,1.9334,1.8703,0.032,4.2278,0.0202,1.7382,53.0074,0.955,2272.1,6.07,8.46,9.6,11.98,Stable,Simulated (based on journal's BBD model),"10.55248/gengpi.4.1223.123318 (simulated, derived design space)"
F0113,10.6568,1.6917,28.1646,2.6603,1.8591,1.8939,1.8981,0.04,4.3804,0.0178,1.7137,43.9448,1.0788,2465.9,6.06,8.54,9,11.55,Stable,Simulated (based on journal's BBD model),"10.55248/gengpi.4.1223.123318 (simulated, derived design space)"
F0114,14.4901,3.2176,18.166,2.7901,1.7074,1.9052,1.8463,0.0374,3.6177,0.0156,1.7512,49.478,0.9773,2553.6,6.39,8.76,10,12.02,Stable,Simulated (based on journal's BBD model),"10.55248/gengpi.4.1223.123318 (simulated, derived design space)"
F0115,12.2722,3.0215,23.4085,2.6542,1.7947,1.7517,1.6412,0.0356,3.6927,0.0194,1.8188,47.105,0.7846,2685.2,6.5,8.87,8.8,11.72,Needs Evaluation,Simulated (based on journal's BBD model),"10.55248/gengpi.4.1223.123318 (simulated, derived design space)"
F0116,16.5331,0.864,21.0349,3.0145,1.68,1.8742,1.9726,0.0382,3.3423,0.0176,2.0007,46.8428,0.785,2643,5.87,8.79,9.9,12.21,Stable,Simulated (based on journal's BBD model),"10.55248/gengpi.4.1223.123318 (simulated, derived design space)"
F0117,12.4751,1.0939,21.4261,3.3018,2.2722,1.8996,1.9473,0.0422,4.4138,0.0203,1.9134,48.1475,1.0469,2249.6,5.96,8.55,7.8,11.87,Stable,Simulated (based on journal's BBD model),"10.55248/gengpi.4.1223.123318 (simulated, derived design space)"
F0118,13.5648,2.727,18.3945,3.0092,1.9953,1.9948,2.02,0.0413,4.2768,0.0182,2.1502,48.9527,0.8553,2285.5,6.38,8.11,8.4,11.98,Stable,Simulated (based on journal's BBD model),"10.55248/gengpi.4.1223.123318 (simulated, derived design space)"
F0119,14.2738,2.0644,20.3771,2.3479,1.6602,1.7158,1.5344,0.0321,3.604,0.0187,2.0121,49.4468,0.9126,2670.1,6.12,9.24,11.2,12.06,Stable,Simulated (based on journal's BBD model),"10.55248/gengpi.4.1223.123318 (simulated, derived design space)"
F0120,13.0865,3.4052,22.2778,3.0202,2.0229,1.7844,1.8895,0.0375,3.3816,0.0169,2.1671,45.9196,0.9908,2368.8,6.26,8.52,7,11.78,Stable,Simulated (based on journal's BBD model),"10.55248/gengpi.4.1223.123318 (simulated, derived design space)"
F0121,15.3671,3.1333,18.3093,2.9612,1.7871,1.8006,1.6108,0.0316,3.8672,0.0181,1.7755,48.361,0.977,2513.9,6.52,8.69,8.6,12.06,Needs Evaluation,Simulated (based on journal's BBD model),"10.55248/gengpi.4.1223.123318 (simulated, derived design space)"
F0122,14.904,3.7637,18.3936,2.5414,1.8262,1.8142,1.8056,0.0438,3.6142,0.0182,2.106,48.1111,1.0581,2331.2,6.02,8.3,8.9,12.05,Stable,Simulated (based on journal's BBD model),"10.55248/gengpi.4.1223.123318 (simulated, derived design space)"
F0123,11.7598,3.3676,16.8058,2.8965,2.0964,1.8738,2.0817,0.0319,3.5914,0.0171,1.968,52.6571,0.853,2095.1,6.14,7.75,8.8,11.85,Stable,Simulated (based on journal's BBD model),"10.55248/gengpi.4.1223.123318 (simulated, derived design space)"
F0124,15.711,2.3589,19.6158,2.3445,1.5827,1.622,1.6356,0.0391,3.6003,0.0178,1.5634,48.966,0.9429,2684.3,6.12,8.92,10,12.14,Stable,Simulated (based on journal's BBD model),"10.55248/gengpi.4.1223.123318 (simulated, derived design space)"
F0125,13.2876,2.1857,19.4352,3.3069,2.1487,2.0432,1.9226,0.0379,4.0653,0.0197,1.6892,48.7965,1.0617,2362,6.02,8.1,8,11.9,Stable,Simulated (based on journal's BBD model),"10.55248/gengpi.4.1223.123318 (simulated, derived design space)"
F0126,11.0402,1.0611,20.0904,2.9556,1.8402,1.6675,2.0369,0.0408,4.0658,0.0169,1.8027,52.3925,0.9894,2217.1,5.9,8.45,11.9,11.83,Stable,Simulated (based on journal's BBD model),"10.55248/gengpi.4.1223.123318 (simulated, derived design space)"
F0127,9.8884,2.5834,25.4101,2.6375,1.9746,2.0779,1.6617,0.0367,3.4146,0.0198,1.8662,47.4355,0.9934,2254.1,5.96,8.86,9.8,11.52,Stable,Simulated (based on journal's BBD model),"10.55248/gengpi.4.1223.123318 (simulated, derived design space)"
F0128,14.2128,3.0102,19.9044,3.0325,2.0485,1.7038,2.0909,0.0326,3.3255,0.0165,2.0418,47.7629,0.8177,2533.5,6.37,9.06,11.9,11.95,Stable,Simulated (based on journal's BBD model),"10.55248/gengpi.4.1223.123318 (simulated, derived design space)"
F0129,15.2917,1.7418,25.6997,2.7167,1.7939,1.5515,1.9218,0.0337,3.0991,0.0147,1.7552,43.4612,0.9189,3098.3,6.15,9.43,11.8,11.93,Needs Evaluation,Simulated (based on journal's BBD model),"10.55248/gengpi.4.1223.123318 (simulated, derived design space)"
F0130,13.179,2.7734,20.0286,2.7359,2.0174,1.8173,1.7613,0.0367,4.042,0.0175,1.6598,48.9212,1.0099,2480.8,6.21,8.43,7.4,11.89,Stable,Simulated (based on journal's BBD model),"10.55248/gengpi.4.1223.123318 (simulated, derived design space)"
F0131,12.7686,2.9531,24.2307,2.9182,1.7942,2.0697,1.8612,0.0429,3.9058,0.0167,1.9766,44.4712,0.9911,2639.6,6.19,8.7,10.1,11.73,Stable,Simulated (based on journal's BBD model),"10.55248/gengpi.4.1223.123318 (simulated, derived design space)"
F0132,13.4443,2.628,21.4425,2.5079,1.6226,1.527,1.6712,0.0371,4.0182,0.0197,1.9174,48.2323,0.9318,2685.1,6.41,8.88,11.8,11.91,Stable,Simulated (based on journal's BBD model),"10.55248/gengpi.4.1223.123318 (simulated, derived design space)"
F0133,9.9514,1.9376,21.5008,3.0418,1.8535,1.7624,2.0894,0.0323,3.571,0.0158,1.9595,51.4308,0.8537,2144.2,6.12,8.19,8,11.64,Stable,Simulated (based on journal's BBD model),"10.55248/gengpi.4.1223.123318 (simulated, derived design space)"
F0134,15.4645,0.622,27.8013,3.014,1.7712,2.0673,1.7581,0.0418,3.3255,0.02,1.9044,41.3421,0.8679,2896.1,5.95,9.44,9.8,11.93,Stable,Simulated (based on journal's BBD model),"10.55248/gengpi.4.1223.123318 (simulated, derived design space)"
F0135,11.9568,1.5646,26.0026,2.5051,2.1655,2.1361,2.0292,0.0397,4.3187,0.0175,1.6879,44.5247,1.0514,2505.6,5.85,8.78,9.5,11.72,Stable,Simulated (based on journal's BBD model),"10.55248/gengpi.4.1223.123318 (simulated, derived design space)"
F0136,16.2942,2.58,18.9639,2.578,2.1977,2.0565,2.1505,0.0436,3.9986,0.0197,1.9163,46.2417,0.9594,2632.4,6.24,8.61,10,12.18,Stable,Simulated (based on journal's BBD model),"10.55248/gengpi.4.1223.123318 (simulated, derived design space)"
F0137,13.4576,2.4878,22.7366,2.8827,1.669,1.8184,1.5966,0.035,3.6099,0.0189,2.0565,46.659,0.972,2736.9,6.21,9.35,11.1,11.86,Stable,Simulated (based on journal's BBD model),"10.55248/gengpi.4.1223.123318 (simulated, derived design space)"
F0138,13.6385,2.3337,19.6175,2.8304,1.9737,2.4146,2.0083,0.0421,3.845,0.0219,1.9762,48.2352,1.0629,2150.8,6.19,7.96,8.3,11.98,Stable,Simulated (based on journal's BBD model),"10.55248/gengpi.4.1223.123318 (simulated, derived design space)"
F0139,12.4104,1.4063,25.6818,2.5587,1.5421,1.822,1.5563,0.0336,3.5282,0.0196,1.7568,46.6743,1.0102,2818.4,5.73,9.07,8.4,11.77,Stable,Simulated (based on journal's BBD model),"10.55248/gengpi.4.1223.123318 (simulated, derived design space)"
F0140,12.6048,3.4963,25.202,2.9378,1.7886,2.0814,2.1561,0.0416,3.2269,0.0197,1.6417,43.9797,0.8232,2602.3,6.33,9.18,9.8,11.64,Stable,Simulated (based on journal's BBD model),"10.55248/gengpi.4.1223.123318 (simulated, derived design space)"
F0141,13.7629,1.8701,19.6133,2.9513,2.1685,1.757,1.7626,0.0386,4.5676,0.0212,2.1246,48.3256,1.0366,2378.7,6.14,8.24,8.4,12.02,Stable,Simulated (based on journal's BBD model),"10.55248/gengpi.4.1223.123318 (simulated, derived design space)"
F0142,11.7851,3.9429,20.2043,3.2574,1.9189,1.8348,2.0994,0.0404,4.2813,0.022,1.8555,47.6642,1.0938,1692.9,6.54,8.12,7.9,11.67,Needs Evaluation,Simulated (based on journal's BBD model),"10.55248/gengpi.4.1223.123318 (simulated, derived design space)"
F0143,14.242,1.8896,23.8977,2.5642,1.7265,1.9919,1.8035,0.0399,4.0205,0.0203,2.0621,44.8752,0.8667,2898,6.4,8.62,9.8,11.94,Stable,Simulated (based on journal's BBD model),"10.55248/gengpi.4.1223.123318 (simulated, derived design space)"
F0144,15.4612,1.8679,19.943,2.9288,1.7803,2.2274,1.9019,0.0357,3.4204,0.0208,2.076,47.4678,0.8689,2472.2,6.27,8.07,9,12.12,Stable,Simulated (based on journal's BBD model),"10.55248/gengpi.4.1223.123318 (simulated, derived design space)"
F0145,12.5528,1.3031,29.0151,2.8752,2.0534,1.734,1.9352,0.0334,3.8936,0.0221,1.8761,41.8708,0.8351,2722.6,5.59,8.86,9.3,11.69,Stable,Simulated (based on journal's BBD model),"10.55248/gengpi.4.1223.123318 (simulated, derived design space)"
F0146,15.3614,0.8885,26.3197,2.5297,1.9943,1.8413,1.9612,0.0409,3.3455,0.0203,1.7269,43.1199,0.8503,2965.5,6.2,9.25,13.3,11.98,Stable,Simulated (based on journal's BBD model),"10.55248/gengpi.4.1223.123318 (simulated, derived design space)"
F0147,15.2421,3.2524,22.0511,2.6725,1.7572,1.7205,1.6426,0.0361,3.5269,0.0216,1.9268,45.1804,0.9699,2629.2,6.36,8.77,12,11.96,Stable,Simulated (based on journal's BBD model),"10.55248/gengpi.4.1223.123318 (simulated, derived design space)"
F0148,12.3049,3.7053,26.5981,2.897,1.9011,1.9298,1.6955,0.0361,3.2101,0.0185,1.8864,42.7565,1.0608,2626.5,6.63,9.06,10.5,11.59,Needs Evaluation,Simulated (based on journal's BBD model),"10.55248/gengpi.4.1223.123318 (simulated, derived design space)"
F0149,10.4262,3.1035,18.4051,3.0818,1.7609,2.1015,2.1394,0.0338,3.7335,0.0216,1.8785,52.3452,0.9691,1796.6,6.42,7.61,5,11.68,Needs Evaluation,Simulated (based on journal's BBD model),"10.55248/gengpi.4.1223.123318 (simulated, derived design space)"
F0150,12.8475,2.2946,23.4608,3.0121,2.1778,2.2456,1.9082,0.0431,4.2367,0.0201,2.2311,44.6561,0.8663,2552.4,6.25,8.51,5.5,11.81,Stable,Simulated (based on journal's BBD model),"10.55248/gengpi.4.1223.123318 (simulated, derived design space)"
F0151,15.0241,3.7525,18.2432,2.9814,2.1142,2.1352,2.1171,0.0356,3.7621,0.0192,2.1843,46.7169,0.9139,2384.5,6.56,8.1,8.1,12.02,Needs Evaluation,Simulated (based on journal's BBD model),"10.55248/gengpi.4.1223.123318 (simulated, derived design space)"
F0152,10.456,2.9668,25.549,2.949,2.0266,2.0715,1.9407,0.0329,3.7395,0.0164,1.8247,45.6108,0.8162,2246.5,5.89,8.49,8.8,11.52,Stable,Simulated (based on journal's BBD model),"10.55248/gengpi.4.1223.123318 (simulated, derived design space)"
F0153,9.4455,2.0485,24.5009,2.8354,1.5395,1.5516,1.7278,0.0334,3.2736,0.0166,1.9417,50.2209,0.8645,2272.9,5.81,8.57,8.7,11.53,Stable,Simulated (based on journal's BBD model),"10.55248/gengpi.4.1223.123318 (simulated, derived design space)"
F0154,14.5466,3.7786,24.2785,2.7624,2.009,1.7061,2.148,0.0385,3.7889,0.0197,1.9957,41.9135,1.0145,2616.3,6.56,9.07,10.9,11.81,Needs Evaluation,Simulated (based on journal's BBD model),"10.55248/gengpi.4.1223.123318 (simulated, derived design space)"
F0155,14.4267,2.3697,19.7236,3.2493,1.8637,1.9989,1.8714,0.0356,4.1574,0.0173,2.1502,47.2857,0.8504,2431.8,6.36,8.16,6.4,12,Stable,Simulated (based on journal's BBD model),"10.55248/gengpi.4.1223.123318 (simulated, derived design space)"
F0156,10.3267,3.3962,17.7454,2.726,2.1088,1.8583,1.7318,0.0377,3.6625,0.0217,1.8566,53.4294,1.099,1625,6.39,7.91,6.7,11.71,Needs Evaluation,Simulated (based on journal's BBD model),"10.55248/gengpi.4.1223.123318 (simulated, derived design space)"
F0157,9.9186,2.7178,22.1489,2.6836,1.9252,1.9647,1.5762,0.0333,3.9396,0.0194,2.1103,49.9114,1.0509,2094.4,6.26,8.08,7,11.61,Stable,Simulated (based on journal's BBD model),"10.55248/gengpi.4.1223.123318 (simulated, derived design space)"
F0158,14.0046,0.7059,20.6288,3.1526,1.8486,1.8111,1.825,0.0337,3.5512,0.0178,1.6002,49.9195,0.9011,2542.6,5.97,8.69,7.9,12.03,Stable,Simulated (based on journal's BBD model),"10.55248/gengpi.4.1223.123318 (simulated, derived design space)"
F0159,13.4071,3.4958,20.0343,3.0749,2.009,1.8266,1.734,0.0407,4.1709,0.0184,2.0307,47.1224,1.0353,2322.2,6.23,8.35,6.6,11.85,Stable,Simulated (based on journal's BBD model),"10.55248/gengpi.4.1223.123318 (simulated, derived design space)"
F0160,10.4071,0.9737,24.0571,2.7755,2.1892,1.6994,1.9168,0.0378,3.4043,0.0176,1.9375,49.6181,0.9659,2083.7,5.89,8.83,9.3,11.69,Stable,Simulated (based on journal's BBD model),"10.55248/gengpi.4.1223.123318 (simulated, derived design space)"
F0161,15.1813,2.0273,22.402,2.4268,1.8556,1.855,1.7256,0.0392,3.044,0.0147,1.8536,46.8155,0.7596,2852.5,5.78,9.46,11.9,12.04,Stable,Simulated (based on journal's BBD model),"10.55248/gengpi.4.1223.123318 (simulated, derived design space)"
F0162,12.9342,0.6028,21.5315,3.1222,2.2775,2.2015,1.7089,0.0446,4.3266,0.0216,1.9688,48.3218,0.938,2186.2,5.8,8.3,9.7,11.96,Stable,Simulated (based on journal's BBD model),"10.55248/gengpi.4.1223.123318 (simulated, derived design space)"
F0163,9.9792,3.6782,27.9578,3.1061,2.1887,1.933,2.1724,0.0333,3.6614,0.0175,1.7335,42.55,0.9888,2205.6,6.41,8.87,9.4,11.38,Stable,Simulated (based on journal's BBD model),"10.55248/gengpi.4.1223.123318 (simulated, derived design space)"
F0164,14.5436,1.8505,25.1487,2.6835,1.8383,2.1693,1.8067,0.0382,4.307,0.0205,1.6747,43.0972,0.8216,2919.4,5.76,8.79,9.7,11.89,Stable,Simulated (based on journal's BBD model),"10.55248/gengpi.4.1223.123318 (simulated, derived design space)"
F0165,14.4685,3.0071,19.5411,2.8898,2.2565,2.0412,2.0951,0.0405,3.567,0.0186,2.0325,47.1486,0.8936,2352.3,6.28,8.28,8.3,11.99,Stable,Simulated (based on journal's BBD model),"10.55248/gengpi.4.1223.123318 (simulated, derived design space)"
F0166,11.3528,1.9608,23.6174,2.459,1.9492,2.1516,1.7054,0.0409,4.2205,0.0213,2.1397,47.3067,1.0747,2426.9,6.42,8.42,8.1,11.75,Stable,Simulated (based on journal's BBD model),"10.55248/gengpi.4.1223.123318 (simulated, derived design space)"
F0167,11.7044,2.7145,25.4037,2.6347,1.9923,2.1134,1.9535,0.0334,3.3327,0.0187,2.2041,44.8782,1.0165,2333.2,6.29,8.48,9.3,11.68,Stable,Simulated (based on journal's BBD model),"10.55248/gengpi.4.1223.123318 (simulated, derived design space)"
F0168,10.6499,2.0359,18.1568,2.9514,2.0754,1.7525,1.8536,0.0384,4.456,0.0227,1.7088,53.3474,0.9514,1784.6,5.74,8.09,8.4,11.79,Needs Evaluation,Simulated (based on journal's BBD model),"10.55248/gengpi.4.1223.123318 (simulated, derived design space)"
F0169,16.2172,1.446,24.6425,2.8581,2.0833,1.8348,1.8057,0.0448,3.5042,0.0199,1.8232,42.864,0.8564,2751.7,5.7,9.02,12.3,12.03,Stable,Simulated (based on journal's BBD model),"10.55248/gengpi.4.1223.123318 (simulated, derived design space)"
F0170,13.2912,2.1395,24.6069,2.5458,1.7356,2.0303,2.0588,0.0406,3.5436,0.0197,1.8028,45.3578,0.8274,2839.9,6.31,8.75,8.9,11.82,Stable,Simulated (based on journal's BBD model),"10.55248/gengpi.4.1223.123318 (simulated, derived design space)"
F0171,11.6448,0.8411,18.809,3.3933,2.0021,1.9437,2.1843,0.044,3.7948,0.0211,2.1605,52.2668,0.8946,2041.6,5.78,7.95,5.1,11.93,Stable,Simulated (based on journal's BBD model),"10.55248/gengpi.4.1223.123318 (simulated, derived design space)"
F0172,10.3844,1.0432,27.4077,2.5708,1.9658,2.0299,1.7469,0.046,3.7012,0.019,1.8977,46.3301,0.8574,2088.5,6.02,8.72,9.7,11.61,Stable,Simulated (based on journal's BBD model),"10.55248/gengpi.4.1223.123318 (simulated, derived design space)"
F0173,13.1134,1.5974,21.4654,3.1275,2.1463,1.7728,1.8841,0.0439,4.2807,0.0225,2.1095,47.4299,1.0066,2432.1,6.36,8.26,8.3,11.91,Stable,Simulated (based on journal's BBD model),"10.55248/gengpi.4.1223.123318 (simulated, derived design space)"
F0174,10.7029,3.0717,23.6035,3.216,1.6287,1.755,1.9454,0.0355,4.0186,0.0203,1.6628,47.3931,0.9465,2173.2,6.38,8.6,9.9,11.54,Stable,Simulated (based on journal's BBD model),"10.55248/gengpi.4.1223.123318 (simulated, derived design space)"
F0175,13.0722,1.805,24.1669,2.6412,1.778,1.8442,1.5509,0.0363,3.0232,0.0159,1.5817,47.5636,0.9208,3044.5,6.23,9.55,12,11.82,Needs Evaluation,Simulated (based on journal's BBD model),"10.55248/gengpi.4.1223.123318 (simulated, derived design space)"
F0176,13.8853,1.8823,19.8353,3.2378,2.1277,1.9189,1.7047,0.0438,3.393,0.0211,2.2683,48.7671,0.9149,2428.6,6.17,8.47,8.5,12,Stable,Simulated (based on journal's BBD model),"10.55248/gengpi.4.1223.123318 (simulated, derived design space)"
F0177,10.1898,2.2666,26.0499,3.255,1.7687,2.1332,1.988,0.0379,3.4817,0.0217,1.7558,46.1347,0.9169,2193.7,5.98,8.61,9.8,11.49,Stable,Simulated (based on journal's BBD model),"10.55248/gengpi.4.1223.123318 (simulated, derived design space)"
F0178,13.2815,2.2526,24.7885,2.9801,1.5118,1.8634,1.5329,0.0359,3.3163,0.0167,1.6929,45.8858,0.8414,2980.6,6.08,9,8.3,11.76,Stable,Simulated (based on journal's BBD model),"10.55248/gengpi.4.1223.123318 (simulated, derived design space)"
F0179,16.1222,1.8017,19.4495,3.0056,2.3602,2.171,2.1896,0.0433,3.7889,0.0203,2.2393,45.8364,0.9719,2348,5.81,8.2,7.7,12.19,Stable,Simulated (based on journal's BBD model),"10.55248/gengpi.4.1223.123318 (simulated, derived design space)"
F0180,17.0788,0.9472,21.9603,3.0899,2.0407,1.8781,1.8342,0.0373,3.5735,0.0175,1.9129,44.7297,0.9001,2621.7,5.77,8.99,10.3,12.19,Stable,Simulated (based on journal's BBD model),"10.55248/gengpi.4.1223.123318 (simulated, derived design space)"
F0181,10.2072,3.6911,20.7592,2.5342,1.9822,1.9965,2.0108,0.0358,3.29,0.0219,1.7812,50.6676,1.0222,1828.8,6.5,7.73,4.6,11.6,Needs Evaluation,Simulated (based on journal's BBD model),"10.55248/gengpi.4.1223.123318 (simulated, derived design space)"
F0182,16.1082,3.6338,18.3368,2.559,2.157,2.0381,2.1217,0.0347,3.9061,0.0202,2.0059,46.2655,0.8132,2532.2,6.63,8.19,7.6,12.13,Needs Evaluation,Simulated (based on journal's BBD model),"10.55248/gengpi.4.1223.123318 (simulated, derived design space)"
F0183,12.9876,3.4017,19.9481,3.1063,2.2507,1.7338,1.6785,0.0386,3.4567,0.0212,2.2138,48.2498,0.9132,2219.6,6.36,8.58,8.8,11.84,Stable,Simulated (based on journal's BBD model),"10.55248/gengpi.4.1223.123318 (simulated, derived design space)"
F0184,14.8521,2.7581,20.8282,3.181,1.7485,1.8129,2.2184,0.0427,3.4041,0.0184,1.822,46.3927,0.9209,2483.8,6.38,8.45,10,11.95,Stable,Simulated (based on journal's BBD model),"10.55248/gengpi.4.1223.123318 (simulated, derived design space)"
F0185,13.2566,0.7548,25.3514,2.8478,1.8813,1.8905,1.9473,0.0349,3.1371,0.0178,1.8491,46.1639,0.8673,2866.5,5.88,9.28,11.8,11.86,Stable,Simulated (based on journal's BBD model),"10.55248/gengpi.4.1223.123318 (simulated, derived design space)"
F0186,13.7904,1.4595,21.6124,3.2347,2.0241,2.094,1.9014,0.0401,3.5646,0.0205,1.886,47.3652,1.0071,2585.7,5.93,8.42,8.3,11.94,Stable,Simulated (based on journal's BBD model),"10.55248/gengpi.4.1223.123318 (simulated, derived design space)"
F0187,13.1474,2.4465,19.7863,3.1702,2.3906,1.8682,2.2872,0.0412,4.4355,0.0197,1.9026,47.5815,0.923,2065.8,6.17,8.11,7.5,11.89,Stable,Simulated (based on journal's BBD model),"10.55248/gengpi.4.1223.123318 (simulated, derived design space)"
F0188,15.3376,0.9664,21.2713,2.8026,1.8328,1.9904,2.0026,0.0379,3.7891,0.0218,2.1534,46.6803,1.1137,2542.7,5.92,8.55,6.3,12.15,Stable,Simulated (based on journal's BBD model),"10.55248/gengpi.4.1223.123318 (simulated, derived design space)"
F0189,15.893,3.2454,17.436,2.6325,1.8424,1.815,1.6468,0.0402,3.8192,0.02,2.0085,48.711,0.8901,2553.6,6.3,8.34,8.7,12.17,Stable,Simulated (based on journal's BBD model),"10.55248/gengpi.4.1223.123318 (simulated, derived design space)"
F0190,16.119,1.431,20.1188,2.7972,1.7633,2.209,2.2175,0.0416,3.7248,0.0181,1.7739,46.6276,1.158,2388.9,5.95,8.23,7.4,12.18,Stable,Simulated (based on journal's BBD model),"10.55248/gengpi.4.1223.123318 (simulated, derived design space)"
F0191,13.8661,2.6122,20.5186,2.5491,1.8953,1.8031,1.7945,0.0446,4.0554,0.0199,1.9098,47.9396,0.9917,2520.5,6.22,8.62,7.6,11.97,Stable,Simulated (based on journal's BBD model),"10.55248/gengpi.4.1223.123318 (simulated, derived design space)"
F0192,12.5412,3.3578,24.1257,2.8574,1.6688,1.9463,1.6699,0.0359,3.3688,0.02,1.7203,45.6328,1.0552,2431.6,6.3,8.74,9.3,11.68,Stable,Simulated (based on journal's BBD model),"10.55248/gengpi.4.1223.123318 (simulated, derived design space)"
F0193,14.5376,0.7426,21.0751,2.7173,1.8477,1.8798,1.6475,0.0304,3.7968,0.018,1.9586,48.7675,0.9812,2633.7,5.82,8.42,9.9,12.11,Stable,Simulated (based on journal's BBD model),"10.55248/gengpi.4.1223.123318 (simulated, derived design space)"
F0194,10.6495,3.2567,26.5512,2.7578,1.6209,1.7948,2.0265,0.0416,3.3842,0.0162,2.0676,44.8927,0.9403,2370,6.54,8.69,8.7,11.52,Needs Evaluation,Simulated (based on journal's BBD model),"10.55248/gengpi.4.1223.123318 (simulated, derived design space)"
F0195,12.2304,3.6238,22.4386,2.5782,1.6637,1.7348,1.7468,0.0316,3.4904,0.018,1.9376,47.5411,0.965,2566.8,6.49,8.62,10.6,11.72,Stable,Simulated (based on journal's BBD model),"10.55248/gengpi.4.1223.123318 (simulated, derived design space)"
F0196,10.4581,3.1837,24.8298,3.231,2.136,2.1666,1.9968,0.0354,4.176,0.0206,2.1304,44.7334,0.9021,2044.2,6.3,8.45,8.8,11.52,Stable,Simulated (based on journal's BBD model),"10.55248/gengpi.4.1223.123318 (simulated, derived design space)"
F0197,13.694,2.617,26.5678,2.8458,1.927,1.6624,1.8389,0.0395,3.4521,0.0169,1.7499,42.7414,0.8474,2889.1,5.97,9.37,11.3,11.74,Stable,Simulated (based on journal's BBD model),"10.55248/gengpi.4.1223.123318 (simulated, derived design space)"
F0198,10.6408,2.9739,22.6469,3.2974,2.1006,2.1829,1.8676,0.0424,3.7256,0.0227,2.0867,47.4794,0.933,1886.4,6.31,8.3,6.5,11.59,Needs Evaluation,Simulated (based on journal's BBD model),"10.55248/gengpi.4.1223.123318 (simulated, derived design space)"
F0199,11.5847,2.7254,26.5587,3.1074,2.0618,1.733,1.676,0.0405,3.6732,0.0187,1.6432,44.3551,0.8223,2532.8,6.1,8.74,9.4,11.56,Stable,Simulated (based on journal's BBD model),"10.55248/gengpi.4.1223.123318 (simulated, derived design space)"
F0200,14.3988,1.5946,27.0187,3.1449,1.7795,2.1038,2.1575,0.0412,4.1444,0.0174,1.9211,40.8532,0.8249,2972.9,5.82,9.41,11.2,11.82,Stable,Simulated (based on journal's BBD model),"10.55248/gengpi.4.1223.123318 (simulated, derived design space)"
F0201,10.2819,1.8438,27.6807,3.0904,1.9067,2.1137,1.8577,0.0345,4.3607,0.021,2.1791,43.5177,1.1122,2269,6.2,8.81,9.9,11.53,Stable,Simulated (based on journal's BBD model),"10.55248/gengpi.4.1223.123318 (simulated, derived design space)"
F0202,13.1818,2.31,26.8096,2.8982,1.7629,1.9056,1.7344,0.033,3.6922,0.0202,2.025,42.7227,0.9044,3010.7,6.06,9.42,11.6,11.73,Needs Evaluation,Simulated (based on journal's BBD model),"10.55248/gengpi.4.1223.123318 (simulated, derived design space)"
F0203,13.1562,2.792,25.207,2.7838,2.185,1.7368,1.9295,0.0408,4.0869,0.0202,1.7993,43.2585,1.004,2667.9,6.16,8.56,10.7,11.74,Stable,Simulated (based on journal's BBD model),"10.55248/gengpi.4.1223.123318 (simulated, derived design space)"
F0204,14.6121,3.283,19.0834,2.4451,2.0643,1.9675,2.0189,0.042,4.1558,0.0217,1.9254,47.4565,0.9244,2413.2,6.47,8.48,8.3,12.03,Stable,Simulated (based on journal's BBD model),"10.55248/gengpi.4.1223.123318 (simulated, derived design space)"
F0205,14.5269,2.5909,22.0487,2.5722,1.7028,1.9355,1.7342,0.0409,4.415,0.0221,2.0756,45.2367,1.0984,2588.6,6.05,8.53,9.8,11.97,Stable,Simulated (based on journal's BBD model),"10.55248/gengpi.4.1223.123318 (simulated, derived design space)"
F0206,14.6657,3.564,16.3976,2.9987,1.8519,2.0399,1.7674,0.0394,3.1034,0.017,1.5542,51.0228,0.978,2374.3,6.51,8.34,6.4,12.03,Needs Evaluation,Simulated (based on journal's BBD model),"10.55248/gengpi.4.1223.123318 (simulated, derived design space)"
F0207,12.6408,0.9816,20.8207,2.7912,2.3764,2.2429,2.3731,0.0409,3.8853,0.0227,1.9726,48.8949,0.957,2089,6.16,8,5.8,11.96,Stable,Simulated (based on journal's BBD model),"10.55248/gengpi.4.1223.123318 (simulated, derived design space)"
F0208,9.5768,1.2,25.2708,2.4463,1.738,2.0236,1.6352,0.0319,3.6312,0.0172,1.8588,49.7576,0.8127,2389.8,6,8.68,8.1,11.6,Stable,Simulated (based on journal's BBD model),"10.55248/gengpi.4.1223.123318 (simulated, derived design space)"
F0209,11.967,2.2175,18.6412,2.9096,1.8495,2.1534,1.7026,0.0383,3.8781,0.021,2.0073,51.5511,1.0634,2155.4,6.37,7.9,6.9,11.89,Stable,Simulated (based on journal's BBD model),"10.55248/gengpi.4.1223.123318 (simulated, derived design space)"
F0210,16.423,3.3224,20.5866,2.4986,1.8275,1.9663,1.8293,0.0365,4.0388,0.0176,2.0313,44.5528,0.8694,2677.1,6.45,9.27,10.7,12.1,Stable,Simulated (based on journal's BBD model),"10.55248/gengpi.4.1223.123318 (simulated, derived design space)"
F0211,15.9709,1.0852,22.5013,2.7853,1.808,1.8924,1.6667,0.0368,3.4883,0.019,1.6185,46.3063,0.8212,2703.6,6.02,8.92,9.4,12.1,Stable,Simulated (based on journal's BBD model),"10.55248/gengpi.4.1223.123318 (simulated, derived design space)"
F0212,10.6147,3.2419,25.6079,2.6474,1.5429,1.6629,1.8823,0.0332,3.0278,0.0176,1.9069,47.0347,0.7798,2571.5,6.44,8.77,9.1,11.54,Stable,Simulated (based on journal's BBD model),"10.55248/gengpi.4.1223.123318 (simulated, derived design space)"
F0213,12.2528,1.5269,18.3912,3.4046,2.2219,2.1206,2.1959,0.0366,4.0341,0.0195,1.7937,50.8521,1.1502,1985,5.99,7.74,7.2,11.91,Needs Evaluation,Simulated (based on journal's BBD model),"10.55248/gengpi.4.1223.123318 (simulated, derived design space)"
F0214,14.3491,3.3295,20.7486,3.1232,2.0462,2.1509,2.4034,0.0452,4.0522,0.023,1.8836,44.8927,0.9524,2201.5,6.46,8.27,8.1,11.89,Stable,Simulated (based on journal's BBD model),"10.55248/gengpi.4.1223.123318 (simulated, derived design space)"
F0215,15.073,2.4671,19.9166,2.7637,2.1741,2.1015,2.3591,0.0385,3.6722,0.0211,1.9726,46.2979,1.1428,2289.8,6.01,8.21,7.1,12.06,Stable,Simulated (based on journal's BBD model),"10.55248/gengpi.4.1223.123318 (simulated, derived design space)"
F0216,13.2367,3.3756,23.0511,3.2748,1.8023,2.1966,1.8702,0.0428,4.1411,0.0229,1.9618,44.1552,0.8688,2435.9,6.18,8.46,9.3,11.74,Stable,Simulated (based on journal's BBD model),"10.55248/gengpi.4.1223.123318 (simulated, derived design space)"
F0217,11.0677,0.6092,25.6191,2.733,1.9601,1.6126,1.7927,0.0366,3.2794,0.0192,1.9674,48.3735,0.9295,2603.2,6.01,8.84,10.7,11.73,Stable,Simulated (based on journal's BBD model),"10.55248/gengpi.4.1223.123318 (simulated, derived design space)"
F0218,14.3219,3.7917,20.7852,2.7302,1.6704,1.8791,1.7749,0.0364,4.2077,0.0216,1.7317,45.9703,1.0789,2414.3,6.5,8.62,5.8,11.88,Needs Evaluation,Simulated (based on journal's BBD model),"10.55248/gengpi.4.1223.123318 (simulated, derived design space)"
F0219,11.6705,2.1456,25.2868,3.1445,2.0979,1.995,2.1859,0.0427,4.1995,0.0169,1.661,44.5312,1.0225,2328.8,6.05,8.26,8.5,11.63,Stable,Simulated (based on journal's BBD model),"10.55248/gengpi.4.1223.123318 (simulated, derived design space)"
F0220,15.0528,1.4769,19.6659,2.633,1.8469,1.898,2.1312,0.0344,4.1508,0.0196,1.8154,48.364,0.9112,2631.6,6.19,8.17,7.7,12.14,Stable,Simulated (based on journal's BBD model),"10.55248/gengpi.4.1223.123318 (simulated, derived design space)"
F0221,11.2746,2.734,22.9033,2.9959,1.9386,1.8037,1.8516,0.0396,3.43,0.0168,1.5088,48.5391,0.964,2443,6.07,8.74,9.3,11.63,Stable,Simulated (based on journal's BBD model),"10.55248/gengpi.4.1223.123318 (simulated, derived design space)"
F0222,17.7162,1.3204,18.6715,3.0632,2.1279,1.7071,2.0802,0.0401,3.4986,0.0179,2.0261,46.6076,1.1234,2407,5.92,8.16,9.5,12.33,Stable,Simulated (based on journal's BBD model),"10.55248/gengpi.4.1223.123318 (simulated, derived design space)"
F0223,11.8949,2.7063,21.1816,3.0914,1.9289,2.2095,2.2078,0.04,3.8477,0.0193,2.1987,47.7548,0.9191,2076.4,6.43,8.13,7.4,11.77,Stable,Simulated (based on journal's BBD model),"10.55248/gengpi.4.1223.123318 (simulated, derived design space)"
F0224,10.9488,1.7631,25.7684,3.0617,1.7961,1.8377,1.7507,0.042,3.2952,0.021,1.9631,46.9524,0.7998,2438.2,6.12,8.23,6.7,11.61,Stable,Simulated (based on journal's BBD model),"10.55248/gengpi.4.1223.123318 (simulated, derived design space)"
F0225,15.703,2.2194,23.4867,2.3079,1.7238,1.564,1.8272,0.04,3.7064,0.0154,1.6904,44.8576,0.8581,2946.4,5.93,9.39,12.9,12.02,Stable,Simulated (based on journal's BBD model),"10.55248/gengpi.4.1223.123318 (simulated, derived design space)"
F0226,12.7976,1.0201,23.654,3.105,2.2375,2.2262,1.8513,0.0412,3.8449,0.0191,2.3341,45.8322,1.0369,2238.7,6.23,7.96,6.9,11.88,Stable,Simulated (based on journal's BBD model),"10.55248/gengpi.4.1223.123318 (simulated, derived design space)"
F0227,15.5074,1.1847,25.1368,2.9767,1.9751,1.827,1.8241,0.0341,3.7773,0.0177,1.8492,42.951,0.9388,2967.4,5.98,9.42,12.8,11.98,Stable,Simulated (based on journal's BBD model),"10.55248/gengpi.4.1223.123318 (simulated, derived design space)"
F0228,16.6673,2.0553,22.4274,3.3554,1.8408,2.1947,1.9797,0.04,3.7499,0.0203,1.8849,42.8576,0.9266,2725.5,5.97,8.79,10.9,12.05,Stable,Simulated (based on journal's BBD model),"10.55248/gengpi.4.1223.123318 (simulated, derived design space)"
F0229,14.0956,3.0619,26.9289,2.6691,1.9902,1.7055,2.1042,0.0315,3.7826,0.0192,1.9378,40.6356,1.0378,2886.8,6.2,9.41,10.3,11.76,Stable,Simulated (based on journal's BBD model),"10.55248/gengpi.4.1223.123318 (simulated, derived design space)"
F0230,13.7592,1.9324,19.0736,2.5886,1.8677,2.0626,2.1434,0.0335,3.7067,0.0169,1.6371,50.1915,0.9868,2399.4,6.2,8.21,7.3,12.03,Stable,Simulated (based on journal's BBD model),"10.55248/gengpi.4.1223.123318 (simulated, derived design space)"
F0231,18.1714,2.1152,19.4194,2.6983,2.1336,2.0202,1.7921,0.0428,3.5625,0.0227,1.9661,44.9846,1.0713,2504.8,5.82,8.58,9.2,12.3,Stable,Simulated (based on journal's BBD model),"10.55248/gengpi.4.1223.123318 (simulated, derived design space)"
F0232,13.4201,1.3039,24.6998,2.4718,1.7379,1.4814,1.6743,0.0377,3.7385,0.0157,1.5715,46.8807,0.9667,2895.7,6.14,9.27,10.6,11.87,Stable,Simulated (based on journal's BBD model),"10.55248/gengpi.4.1223.123318 (simulated, derived design space)"
F0233,9.7633,1.206,24.7369,2.3759,1.8263,1.7986,1.7394,0.0354,3.6936,0.0164,1.8699,49.9517,0.9866,2222.6,5.79,8.56,7.3,11.63,Stable,Simulated (based on journal's BBD model),"10.55248/gengpi.4.1223.123318 (simulated, derived design space)"
F0234,13.6497,2.9948,19.2181,2.6555,1.9909,2.1793,1.8684,0.0429,3.8187,0.023,2.3018,48.3115,0.9455,2196.7,6.45,7.76,6.8,11.99,Stable,Simulated (based on journal's BBD model),"10.55248/gengpi.4.1223.123318 (simulated, derived design space)"
F0235,13.4688,2.979,19.929,2.3556,1.8759,1.6776,1.8409,0.0326,3.0619,0.0201,1.5703,50.1873,1.0008,2688,6.58,8.82,9.8,11.93,Needs Evaluation,Simulated (based on journal's BBD model),"10.55248/gengpi.4.1223.123318 (simulated, derived design space)"
F0236,11.1514,1.9831,23.0286,2.644,1.7715,1.7187,1.8458,0.04,3.2976,0.0205,1.9137,49.6643,0.9207,2411,5.95,8.41,9.2,11.72,Stable,Simulated (based on journal's BBD model),"10.55248/gengpi.4.1223.123318 (simulated, derived design space)"
F0237,16.0546,0.9009,18.5086,3.2549,1.9961,2.0946,1.7972,0.04,3.9017,0.0196,2.0011,48.5024,0.9284,2412.4,6.05,8.74,8.2,12.25,Stable,Simulated (based on journal's BBD model),"10.55248/gengpi.4.1223.123318 (simulated, derived design space)"
F0238,11.183,2.5691,25.4114,2.5886,1.6359,1.6761,1.9447,0.0416,3.255,0.0202,1.795,46.8158,1.0636,2309.8,5.98,8.62,11,11.62,Stable,Simulated (based on journal's BBD model),"10.55248/gengpi.4.1223.123318 (simulated, derived design space)"
F0239,14.7875,1.2272,22.154,3.2355,2.3429,1.7786,2.2967,0.0421,4.1907,0.0206,1.7904,45.0747,1.0591,2463.5,5.74,8.6,8.6,12,Stable,Simulated (based on journal's BBD model),"10.55248/gengpi.4.1223.123318 (simulated, derived design space)"
F0240,14.9534,1.5197,23.1237,3.0235,2.1312,2.0695,2.0034,0.0401,4.3146,0.0179,1.618,44.3142,0.8709,2813.2,5.97,9.13,10.6,11.96,Stable,Simulated (based on journal's BBD model),"10.55248/gengpi.4.1223.123318 (simulated, derived design space)"
F0241,14.6667,1.5751,24.0711,2.8267,1.7656,1.6499,1.6275,0.0407,4.1712,0.0194,1.6326,44.9635,0.9901,2840,5.78,8.96,9.2,11.93,Stable,Simulated (based on journal's BBD model),"10.55248/gengpi.4.1223.123318 (simulated, derived design space)"
F0242,9.8281,2.3707,27.4458,3.319,1.9839,1.954,1.7034,0.0395,3.751,0.0201,1.8806,44.8494,0.8546,2132,6.39,8.51,6,11.44,Stable,Simulated (based on journal's BBD model),"10.55248/gengpi.4.1223.123318 (simulated, derived design space)"
F0243,14.9153,3.4985,21.942,2.8807,1.6647,1.6536,1.7046,0.0369,3.7037,0.0166,1.5627,45.6406,0.78,2814,6.73,9.44,12.5,11.88,Needs Evaluation,Simulated (based on journal's BBD model),"10.55248/gengpi.4.1223.123318 (simulated, derived design space)"
F0244,16.0075,2.1678,25.226,2.9288,1.7079,1.6169,1.7633,0.0371,3.9027,0.0208,1.7134,41.8343,1.0736,2864.9,6.38,9.22,13.3,11.94,Stable,Simulated (based on journal's BBD model),"10.55248/gengpi.4.1223.123318 (simulated, derived design space)"
F0245,11.5388,0.8571,20.7989,3.3219,2.1879,1.9867,2.2484,0.0473,3.7244,0.0216,2.2818,49.9679,1.0173,1840.4,5.94,8.04,8.5,11.86,Needs Evaluation,Simulated (based on journal's BBD model),"10.55248/gengpi.4.1223.123318 (simulated, derived design space)"
F0246,15.353,1.7836,24.8988,2.8779,1.758,2.0556,1.9711,0.0371,4.355,0.0166,1.8312,42.0155,1.0466,2889.4,5.88,8.79,11.2,11.95,Stable,Simulated (based on journal's BBD model),"10.55248/gengpi.4.1223.123318 (simulated, derived design space)"
F0247,14.9981,2.0037,21.4433,3.169,1.7292,1.6561,1.9163,0.0426,3.6008,0.0162,1.7788,46.806,0.8397,2661.5,5.96,8.33,7.8,11.99,Stable,Simulated (based on journal's BBD model),"10.55248/gengpi.4.1223.123318 (simulated, derived design space)"
F0248,16.5227,1.9464,21.9261,3.0436,1.9026,2.0224,1.6816,0.0424,4.3844,0.0202,2.2004,43.3457,0.9616,2813.4,5.8,9.17,9.6,12.11,Stable,Simulated (based on journal's BBD model),"10.55248/gengpi.4.1223.123318 (simulated, derived design space)"
F0249,10.6243,1.8635,19.2449,3.0971,1.7606,1.6737,1.9594,0.0397,4.2887,0.0197,1.8397,52.6124,0.9762,1906.1,6.03,7.99,7.8,11.75,Needs Evaluation,Simulated (based on journal's BBD model),"10.55248/gengpi.4.1223.123318 (simulated, derived design space)"
F0250,12.509,1.1,20.0391,2.9724,2.0804,1.7679,2.2891,0.0435,4.1499,0.0222,1.7677,50.2082,1.0507,2189,5.96,8.2,7.5,11.94,Stable,Simulated (based on journal's BBD model),"10.55248/gengpi.4.1223.123318 (simulated, derived design space)"
F0251,10.0128,3.2561,27.0032,2.4675,1.9427,1.5702,1.7697,0.0366,3.7309,0.0206,1.9155,45.2788,0.9953,2352.2,6.28,8.75,8.2,11.48,Stable,Simulated (based on journal's BBD model),"10.55248/gengpi.4.1223.123318 (simulated, derived design space)"
F0252,14.7413,1.8439,18.1496,3.0059,2.1807,1.8777,1.7802,0.0382,3.3644,0.0213,2.1363,49.9303,0.93,2512.2,6.18,8.33,9.2,12.14,Stable,Simulated (based on journal's BBD model),"10.55248/gengpi.4.1223.123318 (simulated, derived design space)"
F0253,14.831,2.4013,20.9314,3.1094,1.845,1.88,1.6697,0.0378,3.7233,0.0165,1.5817,46.9895,0.9833,2725,6.13,8.47,8.7,11.96,Stable,Simulated (based on journal's BBD model),"10.55248/gengpi.4.1223.123318 (simulated, derived design space)"
F0254,14.2228,1.2142,21.2413,2.871,2.0303,1.8187,2.0372,0.0422,4.1823,0.0203,2.3155,46.9516,1.0526,2437.7,5.97,8.62,10,12.06,Stable,Simulated (based on journal's BBD model),"10.55248/gengpi.4.1223.123318 (simulated, derived design space)"
F0255,18.1948,0.7879,19.7363,2.6653,1.8641,2.0839,2.1483,0.0356,4.6677,0.0227,1.9328,44.9333,0.9273,2413.2,5.93,8.24,7.9,12.39,Stable,Simulated (based on journal's BBD model),"10.55248/gengpi.4.1223.123318 (simulated, derived design space)"
F0256,11.0961,1.8917,24.5587,2.6087,1.6957,2.0939,2.0768,0.0388,3.9717,0.0194,1.7076,47.3414,0.8995,2249.9,5.87,8.75,7.7,11.67,Stable,Simulated (based on journal's BBD model),"10.55248/gengpi.4.1223.123318 (simulated, derived design space)"
F0257,11.5259,0.9008,19.5225,3.1662,2.0411,1.9652,1.9234,0.0437,3.3789,0.0181,1.8506,52.5515,1.1121,2069.8,5.8,8.18,8.2,11.88,Stable,Simulated (based on journal's BBD model),"10.55248/gengpi.4.1223.123318 (simulated, derived design space)"
F0258,11.3201,1.7098,25.5137,2.3274,1.8699,1.6305,1.8347,0.0335,3.5124,0.0189,1.8724,47.6121,0.7446,2817.1,6.3,8.94,7.6,11.71,Stable,Simulated (based on journal's BBD model),"10.55248/gengpi.4.1223.123318 (simulated, derived design space)"
F0259,11.0952,1.986,25.1395,2.242,1.7666,1.6259,1.4935,0.0301,3.809,0.0187,1.8832,48.1445,0.7657,2735.2,5.62,9.44,11,11.69,Stable,Simulated (based on journal's BBD model),"10.55248/gengpi.4.1223.123318 (simulated, derived design space)"
F0260,11.6276,2.3674,22.5158,2.4365,1.7927,1.837,1.8461,0.033,3.8788,0.0155,1.7292,48.9991,0.9213,2430.8,6.44,8.82,9.9,11.75,Stable,Simulated (based on journal's BBD model),"10.55248/gengpi.4.1223.123318 (simulated, derived design space)"
F0261,15.181,2.5566,22.8076,2.5523,1.775,1.8655,1.9689,0.0384,3.5809,0.0163,1.9098,44.7244,1.0233,2721.2,6.07,8.86,9.6,11.98,Stable,Simulated (based on journal's BBD model),"10.55248/gengpi.4.1223.123318 (simulated, derived design space)"
F0262,13.5181,2.2268,20.6196,2.72,2.0161,1.6376,1.5437,0.0399,3.6869,0.0201,1.8542,49.2351,0.8819,2650,5.95,8.73,9.6,11.94,Stable,Simulated (based on journal's BBD model),"10.55248/gengpi.4.1223.123318 (simulated, derived design space)"
F0263,12.1746,1.2779,21.0041,2.8314,2.0371,2.0569,1.9598,0.0415,3.5049,0.0176,1.8067,50.3715,0.916,2098.9,6.21,8.02,8.3,11.89,Stable,Simulated (based on journal's BBD model),"10.55248/gengpi.4.1223.123318 (simulated, derived design space)"
F0264,15.1539,3.4871,16.8666,2.4858,2.0635,1.8262,1.8851,0.0388,3.8972,0.0209,2.1249,49.2845,0.8656,2418.8,6.35,8.44,7.7,12.15,Stable,Simulated (based on journal's BBD model),"10.55248/gengpi.4.1223.123318 (simulated, derived design space)"
F0265,10.3314,3.2757,22.3288,2.9375,1.715,2.0047,2.0058,0.0351,3.6216,0.017,2.1267,48.5489,1.0516,2012,6.47,8.57,10,11.59,Stable,Simulated (based on journal's BBD model),"10.55248/gengpi.4.1223.123318 (simulated, derived design space)"
F0266,16.2747,1.7795,17.9673,2.8964,1.9627,1.8777,1.6748,0.0368,3.4657,0.018,1.9163,49.2857,0.8444,2512.7,6.24,8.3,7.3,12.25,Stable,Simulated (based on journal's BBD model),"10.55248/gengpi.4.1223.123318 (simulated, derived design space)"
F0267,16.1877,1.7419,25.3164,3.1462,2.0688,1.6959,2.1308,0.0361,3.5677,0.0163,1.8664,41.3595,0.8664,2883,6,9.5,12.5,11.97,Stable,Simulated (based on journal's BBD model),"10.55248/gengpi.4.1223.123318 (simulated, derived design space)"
F0268,15.614,3.253,25.1531,2.4824,1.9568,2.0983,1.9525,0.0352,3.7029,0.0193,1.857,41.0021,0.8734,2934.6,6.64,9.34,9.9,11.9,Needs Evaluation,Simulated (based on journal's BBD model),"10.55248/gengpi.4.1223.123318 (simulated, derived design space)"
F0269,14.5494,3.0532,26.6638,2.5726,2.0124,1.6162,1.9288,0.039,3.8278,0.0168,2.0204,40.9128,0.7869,3101.2,6.29,9.33,12.3,11.81,Needs Evaluation,Simulated (based on journal's BBD model),"10.55248/gengpi.4.1223.123318 (simulated, derived design space)"
F0270,11.3391,3.4417,24.5714,2.7186,2.1309,2.0054,2.0613,0.0395,4.3917,0.022,2.1243,44.0532,1.101,2204,6.47,8.7,8.9,11.62,Stable,Simulated (based on journal's BBD model),"10.55248/gengpi.4.1223.123318 (simulated, derived design space)"
F0271,15.3061,0.9519,22.1735,3.2425,1.674,2.2053,2.0412,0.0403,3.6076,0.0179,2.194,45.4971,1.0486,2590.6,5.9,8.52,8.4,12.07,Stable,Simulated (based on journal's BBD model),"10.55248/gengpi.4.1223.123318 (simulated, derived design space)"
F0272,17.041,1.7753,21.3286,2.7368,1.9258,1.88,2.1322,0.0383,3.837,0.0171,2.1912,44.262,0.8345,2777.8,5.79,9.11,8.6,12.2,Stable,Simulated (based on journal's BBD model),"10.55248/gengpi.4.1223.123318 (simulated, derived design space)"
F0273,13.6978,1.0647,23.4261,2.6367,1.6418,1.6615,1.5599,0.0362,3.3785,0.0159,1.7312,48.3246,0.825,2934.5,5.67,9.21,10.4,11.94,Stable,Simulated (based on journal's BBD model),"10.55248/gengpi.4.1223.123318 (simulated, derived design space)"
F0274,9.273,3.4406,26.077,2.9836,1.6695,1.6431,1.6137,0.0396,4.1856,0.0182,1.6424,46.5288,0.8851,1890.3,6.21,8.94,10.3,11.37,Needs Evaluation,Simulated (based on journal's BBD model),"10.55248/gengpi.4.1223.123318 (simulated, derived design space)"
F0275,10.249,3.9669,20.7204,2.5894,1.8076,1.7174,1.9284,0.0435,3.7962,0.0196,2.098,49.9591,1.1046,1723.5,6.39,7.92,7.1,11.61,Needs Evaluation,Simulated (based on journal's BBD model),"10.55248/gengpi.4.1223.123318 (simulated, derived design space)"
F0276,17.1607,3.0356,20.122,2.91,2.2011,2.1236,1.6862,0.0407,3.6581,0.0163,1.8624,44.1324,1.0507,2611.3,6.25,9,9.4,12.13,Stable,Simulated (based on journal's BBD model),"10.55248/gengpi.4.1223.123318 (simulated, derived design space)"
F0277,9.688,1.1357,22.6608,2.5835,1.7918,1.7695,2.0446,0.0412,3.667,0.0174,1.6206,52.1823,0.7975,2026.2,5.76,8.13,6.9,11.65,Stable,Simulated (based on journal's BBD model),"10.55248/gengpi.4.1223.123318 (simulated, derived design space)"
F0278,15.4812,0.9675,24.3839,2.5332,1.6583,2.1374,1.7266,0.0417,3.8582,0.0166,2.1637,43.9771,1.0545,2747,5.89,9.11,10.1,12.07,Stable,Simulated (based on journal's BBD model),"10.55248/gengpi.4.1223.123318 (simulated, derived design space)"
F0279,14.694,3.4365,26.295,2.9902,2.0309,1.6549,1.7013,0.0341,3.5039,0.0176,1.8434,40.8364,0.9617,2896.4,6.72,9.24,10.9,11.76,Needs Evaluation,Simulated (based on journal's BBD model),"10.55248/gengpi.4.1223.123318 (simulated, derived design space)"
F0280,15.6105,2.7412,19.4882,2.984,1.7189,1.8895,1.9108,0.0338,3.6573,0.0223,2.2286,46.8685,0.8464,2474.5,6.21,8.38,8.5,12.09,Stable,Simulated (based on journal's BBD model),"10.55248/gengpi.4.1223.123318 (simulated, derived design space)"
F0281,15.1623,1.6118,23.1917,2.4279,1.7639,1.5419,1.5184,0.0384,3.8234,0.019,1.7628,46.3989,0.7396,2864.9,5.82,9.11,11.9,12.03,Stable,Simulated (based on journal's BBD model),"10.55248/gengpi.4.1223.123318 (simulated, derived design space)"
F0282,10.6245,2.4956,26.3737,2.7481,1.6897,1.7264,1.7497,0.0357,3.9612,0.0196,2.011,45.5228,1.0419,2263,6.06,8.69,9.7,11.56,Stable,Simulated (based on journal's BBD model),"10.55248/gengpi.4.1223.123318 (simulated, derived design space)"
F0283,11.3083,3.7468,22.9881,3.2904,1.7829,2.1975,1.9642,0.036,4.2949,0.0192,2.0083,45.4339,0.9294,1883.5,6.14,8.03,7.1,11.58,Needs Evaluation,Simulated (based on journal's BBD model),"10.55248/gengpi.4.1223.123318 (simulated, derived design space)"
F0284,12.7638,3.8395,20.4241,3.5022,1.8677,2.197,2.0772,0.0457,4.1634,0.0207,1.8614,46.085,1.1522,1994.5,6.26,7.87,7.9,11.72,Needs Evaluation,Simulated (based on journal's BBD model),"10.55248/gengpi.4.1223.123318 (simulated, derived design space)"
F0285,16.0329,2.8295,22.9066,3.0423,1.5743,1.6876,1.8011,0.0334,3.9068,0.0205,1.7786,43.3503,1.0361,2680.1,6.49,9.03,10,11.97,Stable,Simulated (based on journal's BBD model),"10.55248/gengpi.4.1223.123318 (simulated, derived design space)"
F0286,12.4535,2.7312,23.7417,2.4456,1.6776,1.8906,1.6414,0.0373,3.8761,0.0177,1.8357,46.7072,0.9444,2803.4,6.62,8.95,9,11.76,Needs Evaluation,Simulated (based on journal's BBD model),"10.55248/gengpi.4.1223.123318 (simulated, derived design space)"
F0287,13.4919,3.1208,22.1022,3.0958,1.7971,2.1321,2.0109,0.0362,3.7197,0.0213,1.9733,45.3677,1.1309,2282.2,6.31,8.26,8.9,11.81,Stable,Simulated (based on journal's BBD model),"10.55248/gengpi.4.1223.123318 (simulated, derived design space)"
F0288,14.7716,1.3749,22.038,2.5104,1.7203,1.6043,1.626,0.0431,3.4818,0.0198,2.0787,47.8858,0.8452,2759.1,6.16,8.92,10.7,12.07,Stable,Simulated (based on journal's BBD model),"10.55248/gengpi.4.1223.123318 (simulated, derived design space)"
F0289,16.4208,2.3521,20.3835,2.8903,1.6059,2.0646,1.6341,0.035,4.0389,0.019,1.7858,45.7497,1.0204,2677.8,6.27,9.07,10.2,12.12,Stable,Simulated (based on journal's BBD model),"10.55248/gengpi.4.1223.123318 (simulated, derived design space)"
F0290,15.5818,1.1312,21.5095,2.5062,1.9722,1.8768,1.9325,0.0338,3.3931,0.016,1.758,47.2606,1.0283,2779.9,5.96,8.71,10.1,12.14,Stable,Simulated (based on journal's BBD model),"10.55248/gengpi.4.1223.123318 (simulated, derived design space)"
F0291,10.777,0.696,23.8491,2.3741,1.6799,1.803,1.8201,0.0368,3.2136,0.0172,1.8484,50.9311,0.9538,2439.1,5.6,8.73,9.7,11.77,Stable,Simulated (based on journal's BBD model),"10.55248/gengpi.4.1223.123318 (simulated, derived design space)"
F0292,14.1367,2.5072,23.2605,2.7574,1.8598,1.7523,1.8546,0.0335,4.0254,0.0167,1.6143,45.2158,0.9657,2747.8,5.86,8.55,9.6,11.87,Stable,Simulated (based on journal's BBD model),"10.55248/gengpi.4.1223.123318 (simulated, derived design space)"
F0293,15.1694,3.2462,20.8726,2.4714,1.8609,1.4959,1.7242,0.033,3.913,0.0148,1.7649,46.5689,0.8648,2781.2,6.48,9.55,10.2,12,Stable,Simulated (based on journal's BBD model),"10.55248/gengpi.4.1223.123318 (simulated, derived design space)"
F0294,14.6408,0.9315,21.0066,3.6007,2.0097,1.9803,2.183,0.0471,3.7867,0.0223,1.9308,46.9168,0.9437,2210.3,5.79,8.13,8.2,12.02,Stable,Simulated (based on journal's BBD model),"10.55248/gengpi.4.1223.123318 (simulated, derived design space)"
F0295,12.0933,0.6653,21.1497,2.7759,1.847,1.7176,1.7084,0.0319,3.4725,0.0159,1.9532,51.5375,1.0318,2490,5.65,8.6,9.9,11.93,Stable,Simulated (based on journal's BBD model),"10.55248/gengpi.4.1223.123318 (simulated, derived design space)"
F0296,13.9376,1.9909,22.0319,2.9939,1.7314,1.7515,2.0887,0.0321,3.6893,0.0208,1.914,46.9611,0.8568,2661,6.26,8.95,13,11.92,Stable,Simulated (based on journal's BBD model),"10.55248/gengpi.4.1223.123318 (simulated, derived design space)"
F0297,9.7272,0.5897,26.6358,2.6031,1.8577,1.5747,1.9009,0.0407,3.6856,0.016,1.8461,48.6469,0.8757,2397.9,5.87,8.92,10.7,11.6,Stable,Simulated (based on journal's BBD model),"10.55248/gengpi.4.1223.123318 (simulated, derived design space)"
F0298,10.8928,1.6294,20.1304,3.3199,2.1255,2.0758,1.8538,0.0357,4.2463,0.0196,1.8093,51.0117,0.8498,1866.7,5.94,7.93,6.5,11.74,Needs Evaluation,Simulated (based on journal's BBD model),"10.55248/gengpi.4.1223.123318 (simulated, derived design space)"
F0299,10.5596,2.9194,20.9826,2.7778,1.5552,1.5625,1.7867,0.0398,4.0522,0.0159,1.8371,51.0337,0.8776,2160.1,6.31,8.28,8.4,11.65,Stable,Simulated (based on journal's BBD model),"10.55248/gengpi.4.1223.123318 (simulated, derived design space)"
F0300,12.5573,3.6871,20.7291,2.7717,2.063,2.1006,2.1964,0.0355,4.2394,0.0209,1.6911,46.9985,0.9095,2268.9,6.4,8.58,9.1,11.76,Stable,Simulated (based on journal's BBD model),"10.55248/gengpi.4.1223.123318 (simulated, derived design space)"
F0301,14.1394,1.7895,24.493,2.3366,1.9542,1.5774,1.633,0.0371,3.3357,0.0178,1.6941,46.201,0.7912,2966.6,5.86,9.3,11,11.91,Stable,Simulated (based on journal's BBD model),"10.55248/gengpi.4.1223.123318 (simulated, derived design space)"
F0302,12.9059,1.9702,18.787,3.0911,2.2423,1.8005,2.0695,0.0422,3.9237,0.0213,1.9567,50.3328,0.8567,2269.5,6.07,8.27,7.4,11.95,Stable,Simulated (based on journal's BBD model),"10.55248/gengpi.4.1223.123318 (simulated, derived design space)"
F0303,15.1613,1.7264,20.425,2.8643,1.8113,1.7423,1.8524,0.0377,3.3569,0.0169,1.6423,48.4628,0.9005,2773.2,5.71,8.9,11.3,12.07,Stable,Simulated (based on journal's BBD model),"10.55248/gengpi.4.1223.123318 (simulated, derived design space)"
F0304,15.8354,1.2034,25.9715,2.8392,1.612,2.124,1.8676,0.0349,3.687,0.0206,1.7517,42.226,0.8268,2873.1,5.65,9.56,11.7,11.98,Stable,Simulated (based on journal's BBD model),"10.55248/gengpi.4.1223.123318 (simulated, derived design space)"
F0305,11.1368,1.7018,28.7811,2.8101,2.2539,1.9573,1.7768,0.0439,3.8852,0.0209,2.2513,42.5169,0.8641,2534.4,5.98,8.66,7.9,11.6,Stable,Simulated (based on journal's BBD model),"10.55248/gengpi.4.1223.123318 (simulated, derived design space)"
F0306,13.8051,1.9121,17.0391,3.0267,1.5866,2.0057,2.0791,0.0364,3.7589,0.0185,1.7978,51.8943,1.0397,2305.7,5.55,8.45,9,12.09,Stable,Simulated (based on journal's BBD model),"10.55248/gengpi.4.1223.123318 (simulated, derived design space)"
F0307,12.7875,4.0363,20.6131,3.212,1.9548,1.9526,2.0316,0.0481,3.6241,0.0214,1.8294,46.8625,1.0267,2017.3,6.3,7.7,5.8,11.73,Stable,Simulated (based on journal's BBD model),"10.55248/gengpi.4.1223.123318 (simulated, derived design space)"
F0308,10.4585,3.271,24.6918,2.3999,1.7191,1.8902,1.434,0.0368,3.8196,0.0148,1.5124,47.9008,0.8512,2494.1,6.45,9.4,9.5,11.53,Stable,Simulated (based on journal's BBD model),"10.55248/gengpi.4.1223.123318 (simulated, derived design space)"
F0309,12.9126,1.7914,18.129,3.1042,2.0021,1.8093,1.8663,0.0332,3.6679,0.0192,1.8184,51.9111,0.9353,2394.3,6.02,8.59,7.7,11.98,Stable,Simulated (based on journal's BBD model),"10.55248/gengpi.4.1223.123318 (simulated, derived design space)"
F0310,12.2426,1.9818,26.2388,2.8612,2.0856,1.9605,1.8257,0.0419,3.5321,0.0176,1.9191,44.476,0.8171,2746.6,6.17,8.88,9.7,11.7,Stable,Simulated (based on journal's BBD model),"10.55248/gengpi.4.1223.123318 (simulated, derived design space)"
F0311,13.3449,3.2385,18.0197,2.8049,2.0341,1.8776,1.9517,0.0352,3.2158,0.0181,1.7739,50.8401,0.8456,2310.9,6.04,8.15,6.9,11.94,Stable,Simulated (based on journal's BBD model),"10.55248/gengpi.4.1223.123318 (simulated, derived design space)"
F0312,14.3392,2.9654,21.4771,3.2423,1.7469,1.7455,1.9495,0.0386,3.8135,0.0201,1.9098,45.8006,0.9515,2490.8,6.67,8.41,6.7,11.88,Needs Evaluation,Simulated (based on journal's BBD model),"10.55248/gengpi.4.1223.123318 (simulated, derived design space)"
F0313,15.3279,1.2195,22.456,2.7405,1.7711,1.504,1.8069,0.0298,3.5306,0.0184,1.567,47.2914,0.737,2903.2,5.9,9.24,10.5,12.05,Stable,Simulated (based on journal's BBD model),"10.55248/gengpi.4.1223.123318 (simulated, derived design space)"
F0314,16.4327,0.7897,19.0082,2.6691,1.9318,1.8896,1.6551,0.0349,3.4368,0.017,1.8148,49.4668,0.8532,2386.2,5.77,8.42,9.1,12.31,Stable,Simulated (based on journal's BBD model),"10.55248/gengpi.4.1223.123318 (simulated, derived design space)"
F0315,10.2459,1.63,20.6016,2.9203,2.1053,2.1523,2.1445,0.0372,4.1051,0.0183,1.6874,51.5231,0.8288,1868.5,6.22,7.66,6.8,11.7,Needs Evaluation,Simulated (based on journal's BBD model),"10.55248/gengpi.4.1223.123318 (simulated, derived design space)"
F0316,12.5283,3.3853,21.6924,2.9744,2.1526,2.132,2.31,0.037,4.227,0.0208,2.2663,45.19,1.0838,2231.3,5.93,7.9,6.4,11.77,Stable,Simulated (based on journal's BBD model),"10.55248/gengpi.4.1223.123318 (simulated, derived design space)"
F0317,13.8203,3.4211,23.4501,2.945,1.8994,1.6344,1.7374,0.0377,3.5624,0.0171,1.8911,44.7082,0.8758,2632.1,6.28,8.56,9.2,11.79,Stable,Simulated (based on journal's BBD model),"10.55248/gengpi.4.1223.123318 (simulated, derived design space)"
F0318,14.1614,2.9246,23.7785,2.3178,1.823,1.9228,1.7881,0.0365,3.4515,0.0176,1.5035,45.5106,0.7641,2868.9,6.16,8.82,9.7,11.86,Stable,Simulated (based on journal's BBD model),"10.55248/gengpi.4.1223.123318 (simulated, derived design space)"
F0319,14.2192,3.0236,18.2718,2.4202,1.6361,2.038,1.8463,0.0363,3.2296,0.0191,2.0329,50.2768,0.95,2465.5,6.49,8.35,8,12.06,Stable,Simulated (based on journal's BBD model),"10.55248/gengpi.4.1223.123318 (simulated, derived design space)"
F0320,12.6743,2.9286,22.588,2.2578,1.8237,1.5883,1.7743,0.0324,3.915,0.0158,1.5903,48.0813,0.7302,2819,6.45,9.22,12,11.8,Stable,Simulated (based on journal's BBD model),"10.55248/gengpi.4.1223.123318 (simulated, derived design space)"
F0321,14.864,1.0149,25.2672,3.363,2.2005,1.9228,1.6882,0.0376,4.3006,0.0208,1.9346,42.4281,0.9578,2726.4,5.63,9.12,11.6,11.92,Stable,Simulated (based on journal's BBD model),"10.55248/gengpi.4.1223.123318 (simulated, derived design space)"
F0322,13.4986,0.7837,28.2001,2.7316,1.8882,1.8183,2.0049,0.0399,4.0473,0.0177,1.7957,42.1791,0.9948,2803.5,5.5,9.24,8.5,11.8,Stable,Simulated (based on journal's BBD model),"10.55248/gengpi.4.1223.123318 (simulated, derived design space)"
F0323,9.3412,2.5348,24.5109,2.4376,1.7183,1.9388,1.959,0.0325,3.5732,0.016,1.5497,49.4235,0.9646,2280.4,6.31,8.62,6.8,11.49,Stable,Simulated (based on journal's BBD model),"10.55248/gengpi.4.1223.123318 (simulated, derived design space)"
F0324,10.1857,3.0114,23.7198,2.5799,1.7208,1.7186,1.6461,0.039,4.1845,0.0162,1.6416,48.4962,1.0402,1986.5,5.96,8.16,8.2,11.55,Needs Evaluation,Simulated (based on journal's BBD model),"10.55248/gengpi.4.1223.123318 (simulated, derived design space)"
F0325,9.2678,2.8129,23.1473,2.7883,1.9465,1.9103,1.6548,0.0347,3.2227,0.0161,1.9109,50.2542,1.0334,2008.3,6.59,8.15,8.8,11.5,Needs Evaluation,Simulated (based on journal's BBD model),"10.55248/gengpi.4.1223.123318 (simulated, derived design space)"
F0326,14.2877,2.6297,24.6281,2.2863,1.8889,1.9434,1.6455,0.0366,3.3206,0.02,1.5122,45.0099,0.7912,2992,6.28,9.09,8.7,11.86,Stable,Simulated (based on journal's BBD model),"10.55248/gengpi.4.1223.123318 (simulated, derived design space)"
F0327,16.3432,1.2455,18.6195,3.051,1.8877,2.1205,1.6873,0.0394,3.4722,0.0169,1.9912,48.5098,1.0158,2401.2,6.03,8.5,8.5,12.26,Stable,Simulated (based on journal's BBD model),"10.55248/gengpi.4.1223.123318 (simulated, derived design space)"
F0328,12.6909,1.6482,22.8912,3.1456,1.9044,2.3135,1.9126,0.046,3.625,0.0215,2.3084,46.3195,1.1731,2290.6,5.78,8.46,9.6,11.85,Stable,Simulated (based on journal's BBD model),"10.55248/gengpi.4.1223.123318 (simulated, derived design space)"
F0329,12.6272,1.7917,20.9782,2.9405,1.9345,2.1441,2.3894,0.0392,3.9028,0.0229,1.9954,48.2464,0.9877,1929.3,6.39,8.23,8.2,11.89,Needs Evaluation,Simulated (based on journal's BBD model),"10.55248/gengpi.4.1223.123318 (simulated, derived design space)"
F0330,14.217,2.5174,19.4876,2.3771,1.8145,2.0547,1.8774,0.0404,4.2206,0.0165,1.9448,48.38,1.0519,2545.9,6.3,8.71,8.9,12.05,Stable,Simulated (based on journal's BBD model),"10.55248/gengpi.4.1223.123318 (simulated, derived design space)"
F0331,15.0277,1.6536,22.233,2.5541,1.7067,1.6402,1.8759,0.0393,3.9382,0.0157,1.9347,46.5758,0.8051,2834.1,6.13,9.13,11.3,12.05,Stable,Simulated (based on journal's BBD model),"10.55248/gengpi.4.1223.123318 (simulated, derived design space)"
F0332,14.3021,1.3372,24.1561,2.3358,1.7462,1.883,1.6214,0.0398,3.3396,0.019,1.7624,46.6571,0.8002,2805.2,6.14,9.27,9.7,11.97,Stable,Simulated (based on journal's BBD model),"10.55248/gengpi.4.1223.123318 (simulated, derived design space)"
F0333,15.2183,3.1888,20.6371,2.804,1.5296,1.9633,1.9565,0.0309,3.2279,0.0151,1.5997,47.0016,0.8273,2725.8,6.5,9,10.3,11.97,Needs Evaluation,Simulated (based on journal's BBD model),"10.55248/gengpi.4.1223.123318 (simulated, derived design space)"
F0334,11.5661,1.012,25.8877,2.8537,1.6217,1.5116,1.5046,0.0308,3.555,0.0196,1.7337,47.8498,0.8536,2836.4,5.82,9.36,10.1,11.7,Stable,Simulated (based on journal's BBD model),"10.55248/gengpi.4.1223.123318 (simulated, derived design space)"
F0335,14.5005,0.8071,21.4538,2.9113,2.2067,1.9061,2.1029,0.0376,4.1832,0.0198,2.1436,46.7369,0.9905,2639,5.73,8.36,7.4,12.08,Stable,Simulated (based on journal's BBD model),"10.55248/gengpi.4.1223.123318 (simulated, derived design space)"
F0336,15.7384,1.6721,23.8454,2.6708,2.2544,2.1901,2.1973,0.0385,4.2741,0.0177,1.6891,42.3958,1.0163,2564.9,6.03,9.11,10.4,12.02,Stable,Simulated (based on journal's BBD model),"10.55248/gengpi.4.1223.123318 (simulated, derived design space)"
F0337,14.6994,1.9654,25.0085,2.5765,2.0427,1.9168,1.7052,0.0344,3.8779,0.0205,1.82,43.2962,1.0364,2991,5.83,8.98,10,11.91,Stable,Simulated (based on journal's BBD model),"10.55248/gengpi.4.1223.123318 (simulated, derived design space)"
F0338,13.2993,1.6119,26.5268,2.6415,1.764,1.8065,1.993,0.0386,3.4911,0.0189,1.8174,44.187,0.804,2966.8,5.98,8.98,10.7,11.79,Stable,Simulated (based on journal's BBD model),"10.55248/gengpi.4.1223.123318 (simulated, derived design space)"
F0339,16.6393,2.2784,24.1575,2.8698,1.6789,1.8185,1.6617,0.0392,3.7176,0.0205,1.7305,42.4702,0.9179,2893.6,6.31,9.23,8.1,12.01,Stable,Simulated (based on journal's BBD model),"10.55248/gengpi.4.1223.123318 (simulated, derived design space)"
F0340,9.6083,3.5535,23.4019,2.5267,1.8467,1.5894,2.052,0.0325,3.7606,0.0166,1.9179,48.7469,0.947,2006.6,6.34,8.68,8.6,11.5,Stable,Simulated (based on journal's BBD model),"10.55248/gengpi.4.1223.123318 (simulated, derived design space)"
F0341,10.8867,3.596,20.5927,2.9149,1.9172,1.6596,1.6743,0.0339,3.5362,0.0167,1.5548,50.5818,1.0351,2027.1,6.36,8.04,7.5,11.61,Stable,Simulated (based on journal's BBD model),"10.55248/gengpi.4.1223.123318 (simulated, derived design space)"
F0342,10.7596,3.1354,24.2295,2.4714,1.9783,1.7988,1.833,0.0413,4.1723,0.0185,2.1641,46.3658,1.0319,2185,6.16,8.71,9.9,11.62,Stable,Simulated (based on journal's BBD model),"10.55248/gengpi.4.1223.123318 (simulated, derived design space)"
F0343,16.2909,3.4586,21.2739,3.3759,1.7141,1.7736,2.0041,0.0405,4.1361,0.0169,2.2555,42.7749,0.8848,2601.5,6.47,8.69,9.7,12,Stable,Simulated (based on journal's BBD model),"10.55248/gengpi.4.1223.123318 (simulated, derived design space)"
F0344,15.0957,0.5874,22.3088,2.6981,1.8203,1.5871,1.9216,0.0365,3.9313,0.0181,1.6293,47.545,0.8209,2718,5.67,9.04,10.3,12.09,Stable,Simulated (based on journal's BBD model),"10.55248/gengpi.4.1223.123318 (simulated, derived design space)"
F0345,14.4185,1.4029,26.5466,3.1556,2.1965,1.9217,1.8946,0.0413,3.4176,0.0195,1.9472,42.1013,0.9367,2825,6.04,9.24,10.2,11.85,Stable,Simulated (based on journal's BBD model),"10.55248/gengpi.4.1223.123318 (simulated, derived design space)"
F0346,10.409,2.618,21.4478,3.1393,1.7721,2.0063,1.7732,0.041,4.2836,0.0171,2.1377,49.4997,0.8552,1974.6,6.38,7.9,7.6,11.64,Needs Evaluation,Simulated (based on journal's BBD model),"10.55248/gengpi.4.1223.123318 (simulated, derived design space)"
F0347,10.038,2.1479,25.7054,3.1397,1.8584,2.101,1.8708,0.0358,4.0886,0.0185,1.8353,46.1389,1.0218,2363.5,6.09,8.61,6.7,11.51,Stable,Simulated (based on journal's BBD model),"10.55248/gengpi.4.1223.123318 (simulated, derived design space)"
F0348,13.7843,1.3332,26.0212,2.8243,1.7964,1.6676,1.7424,0.0429,3.56,0.017,1.8683,44.5288,0.8135,2692.1,5.57,9.16,11.4,11.85,Stable,Simulated (based on journal's BBD model),"10.55248/gengpi.4.1223.123318 (simulated, derived design space)"
F0349,12.3335,3.5268,20.4627,2.5273,1.6768,1.7936,1.9581,0.0331,3.8614,0.0156,1.7724,49.1744,0.8644,2383,6.37,8.17,8,11.79,Stable,Simulated (based on journal's BBD model),"10.55248/gengpi.4.1223.123318 (simulated, derived design space)"
F0350,14.395,1.5234,22.5915,2.4032,1.9003,1.5043,1.5306,0.0338,2.9631,0.0154,1.9195,48.4042,0.8156,2941.7,6.23,9.25,9.8,12.02,Stable,Simulated (based on journal's BBD model),"10.55248/gengpi.4.1223.123318 (simulated, derived design space)"
F0351,14.8115,3.8437,20.5429,3.0599,1.6791,1.715,1.6511,0.0446,4.2314,0.0211,1.9454,45.586,0.8684,2395.9,6.54,8.34,9.9,11.91,Needs Evaluation,Simulated (based on journal's BBD model),"10.55248/gengpi.4.1223.123318 (simulated, derived design space)"
F0352,10.4922,0.6533,18.9969,2.8844,2.2327,2.0574,2.1549,0.0391,3.7879,0.0174,2.1988,53.5953,0.8896,1951,5.95,7.28,4.9,11.9,Needs Evaluation,Simulated (based on journal's BBD model),"10.55248/gengpi.4.1223.123318 (simulated, derived design space)"
F0353,15.0403,2.5037,19.1149,2.6782,1.8622,1.7667,2.205,0.0439,3.6611,0.0226,1.8421,48.3092,0.9501,2353.7,5.71,7.92,6.4,12.09,Stable,Simulated (based on journal's BBD model),"10.55248/gengpi.4.1223.123318 (simulated, derived design space)"
F0354,18.0182,0.7957,19.8445,2.6158,2.0901,1.7449,2.2173,0.0404,4.0607,0.0205,1.8151,45.7845,0.9523,2455.6,5.75,8.37,9.2,12.37,Stable,Simulated (based on journal's BBD model),"10.55248/gengpi.4.1223.123318 (simulated, derived design space)"
F0355,11.2596,1.1124,26.7844,3.1778,2.2038,2.2981,2.1485,0.0364,3.7503,0.0224,1.8543,44.2743,1.0777,2261,5.77,8.74,9.6,11.64,Stable,Simulated (based on journal's BBD model),"10.55248/gengpi.4.1223.123318 (simulated, derived design space)"
F0356,17.3491,1.4594,21.7534,2.8733,1.7077,1.9713,1.7504,0.0383,3.77,0.0213,2.1529,44.2055,0.9472,2616.5,6.14,8.63,10,12.21,Stable,Simulated (based on journal's BBD model),"10.55248/gengpi.4.1223.123318 (simulated, derived design space)"
F0357,12.2252,1.9594,20.4438,3.3052,1.8808,2.4312,2.3005,0.041,4.3438,0.0238,2.1563,47.8666,1.0223,2073.1,6.22,8.04,7.5,11.84,Stable,Simulated (based on journal's BBD model),"10.55248/gengpi.4.1223.123318 (simulated, derived design space)"
F0358,16.1894,3.5182,18.0643,2.8692,2.024,2.0333,1.9482,0.034,4.1124,0.0201,1.6534,46.682,0.8516,2381.9,6.8,8.77,10.7,12.1,Needs Evaluation,Simulated (based on journal's BBD model),"10.55248/gengpi.4.1223.123318 (simulated, derived design space)"
F0359,15.6548,1.2499,18.2393,3.1106,1.6827,2.1431,2.0687,0.0375,4.2937,0.0165,1.7651,48.8425,0.8957,2565.2,5.75,8.99,11,12.21,Stable,Simulated (based on journal's BBD model),"10.55248/gengpi.4.1223.123318 (simulated, derived design space)"
F0360,11.6969,3.141,18.4188,2.9831,1.8452,1.9536,1.9272,0.033,3.6971,0.0201,1.7743,51.6169,0.8926,2149.1,6.33,8.13,7.8,11.78,Stable,Simulated (based on journal's BBD model),"10.55248/gengpi.4.1223.123318 (simulated, derived design space)"
F0361,15.7418,3.3409,20.626,2.4386,1.9832,1.7529,2.0157,0.0365,3.6996,0.0201,1.7924,45.6577,0.8945,2534.8,6.36,8.89,11.1,12.04,Stable,Simulated (based on journal's BBD model),"10.55248/gengpi.4.1223.123318 (simulated, derived design space)"
F0362,13.5575,2.7513,20.281,2.6742,2.1587,2.0384,1.9545,0.0399,3.2811,0.0198,1.9158,48.413,0.9149,2501.6,6.14,8.39,8.2,11.93,Stable,Simulated (based on journal's BBD model),"10.55248/gengpi.4.1223.123318 (simulated, derived design space)"
F0363,9.7471,2.8752,23.1431,2.8462,1.7467,2.0315,1.7042,0.0343,3.7405,0.0177,1.7492,49.3752,0.9891,2027.8,6.2,8.24,7.5,11.52,Stable,Simulated (based on journal's BBD model),"10.55248/gengpi.4.1223.123318 (simulated, derived design space)"
F0364,14.9108,2.1959,22.1629,2.1368,1.6807,1.4397,1.7063,0.0377,3.813,0.0169,1.6506,47.3693,0.8793,2876.8,6.21,9.29,9.3,12.03,Stable,Simulated (based on journal's BBD model),"10.55248/gengpi.4.1223.123318 (simulated, derived design space)"
F0365,13.9118,2.63,22.719,2.7508,2.0416,2.2413,2.1396,0.0388,4.6115,0.0229,1.8615,43.9378,1.0935,2522.5,6.11,8.51,8.7,11.88,Stable,Simulated (based on journal's BBD model),"10.55248/gengpi.4.1223.123318 (simulated, derived design space)"
F0366,10.5823,1.9115,22.5748,2.697,1.8963,1.6509,1.8021,0.031,3.4438,0.019,1.8702,50.6962,0.8249,2399.3,6.3,8.14,7.3,11.69,Stable,Simulated (based on journal's BBD model),"10.55248/gengpi.4.1223.123318 (simulated, derived design space)"
F0367,14.963,3.4815,19.7675,3.2259,1.6786,2.1595,1.8348,0.0365,3.882,0.0219,1.6716,46.2066,1.0704,2472.5,6.07,8.2,6.3,11.93,Stable,Simulated (based on journal's BBD model),"10.55248/gengpi.4.1223.123318 (simulated, derived design space)"
F0368,16.1979,2.9833,22.4982,3.2161,1.8506,1.6222,1.7367,0.0367,3.3552,0.0212,2.0198,43.5017,0.9605,2794.9,6.38,9.06,11.5,11.98,Stable,Simulated (based on journal's BBD model),"10.55248/gengpi.4.1223.123318 (simulated, derived design space)"
F0369,14.7578,2.2881,22.4434,2.4175,1.6179,1.8384,1.6959,0.0312,3.8882,0.0157,1.8744,46.0923,1.0393,2795.4,6.44,8.79,9.7,11.99,Stable,Simulated (based on journal's BBD model),"10.55248/gengpi.4.1223.123318 (simulated, derived design space)"
F0370,15.6686,1.7985,19.041,2.9341,1.5819,1.8038,1.6941,0.0301,3.327,0.0162,1.8407,49.453,0.811,2670.4,6.34,8.71,9.8,12.16,Stable,Simulated (based on journal's BBD model),"10.55248/gengpi.4.1223.123318 (simulated, derived design space)"
F0371,14.5097,3.7224,25.3941,3.2328,1.9215,1.6921,1.9278,0.034,3.9294,0.019,1.982,40.7669,0.8683,2747.5,6.22,9.17,8.7,11.75,Stable,Simulated (based on journal's BBD model),"10.55248/gengpi.4.1223.123318 (simulated, derived design space)"
F0372,15.5907,2.6315,21.4129,2.8962,1.8158,2.2612,1.764,0.0382,3.4033,0.0182,2.1508,45.1503,0.867,2619.7,6.27,8.55,8.9,12.03,Stable,Simulated (based on journal's BBD model),"10.55248/gengpi.4.1223.123318 (simulated, derived design space)"
F0373,16.7445,2.9069,18.5266,3.2368,2.1953,2.1676,1.9942,0.0366,4.3904,0.0212,2.276,44.5913,0.9127,2480.1,6.25,8.59,10,12.17,Stable,Simulated (based on journal's BBD model),"10.55248/gengpi.4.1223.123318 (simulated, derived design space)"
F0374,15.2487,2.2652,26.2632,3.0834,1.5542,1.5904,1.6861,0.0383,4.0698,0.018,1.8811,41.3069,0.9947,3022.2,6.21,9.21,14,11.86,Needs Evaluation,Simulated (based on journal's BBD model),"10.55248/gengpi.4.1223.123318 (simulated, derived design space)"
F0375,10.3289,1.9472,20.3785,2.7959,1.8994,1.5788,1.9968,0.0394,3.555,0.016,1.9934,52.6169,0.8537,2046,5.87,7.95,7.2,11.73,Stable,Simulated (based on journal's BBD model),"10.55248/gengpi.4.1223.123318 (simulated, derived design space)"
F0376,11.3716,2.6282,21.8779,2.5645,1.7276,1.8029,1.5076,0.0309,3.9448,0.0155,1.8798,49.8247,0.8241,2347.7,6.18,8.83,9.9,11.73,Stable,Simulated (based on journal's BBD model),"10.55248/gengpi.4.1223.123318 (simulated, derived design space)"
F0377,14.8927,1.9352,22.9391,2.5164,1.7602,2.1091,1.9132,0.0365,3.745,0.0215,2.0849,45.1875,0.8587,2686.7,6.29,8.83,12.2,12.01,Stable,Simulated (based on journal's BBD model),"10.55248/gengpi.4.1223.123318 (simulated, derived design space)"
F0378,13.9396,1.7407,26.1267,2.8509,1.6704,1.6774,1.9083,0.0427,3.5578,0.021,2.0369,43.6153,0.8124,2821,5.95,9.15,9.3,11.84,Stable,Simulated (based on journal's BBD model),"10.55248/gengpi.4.1223.123318 (simulated, derived design space)"
F0379,13.2219,2.8933,18.2651,2.751,1.8786,1.9101,2.0672,0.034,4.1225,0.02,1.9186,49.999,0.9186,2293.5,6.72,8.31,8.4,11.96,Needs Evaluation,Simulated (based on journal's BBD model),"10.55248/gengpi.4.1223.123318 (simulated, derived design space)"
F0380,11.1498,3.2327,21.984,2.3055,1.7289,1.8903,1.9102,0.035,3.9264,0.0163,1.7082,49.1305,0.982,2408.9,6.19,8.8,9,11.68,Stable,Simulated (based on journal's BBD model),"10.55248/gengpi.4.1223.123318 (simulated, derived design space)"
F0381,11.4122,1.9358,20.1276,2.7187,1.7058,1.7985,1.9572,0.0376,3.655,0.0206,2.1418,51.5796,0.9095,2195.1,6.01,8.01,6.1,11.84,Stable,Simulated (based on journal's BBD model),"10.55248/gengpi.4.1223.123318 (simulated, derived design space)"
F0382,15.268,1.3333,17.3989,2.475,2.0546,1.9294,1.7176,0.0377,3.7407,0.0194,1.7065,51.4443,0.8744,2392.8,5.87,8.1,7.4,12.27,Stable,Simulated (based on journal's BBD model),"10.55248/gengpi.4.1223.123318 (simulated, derived design space)"
F0383,14.2601,1.1712,22.8256,2.8596,1.7799,1.8737,1.8323,0.0334,3.8187,0.0164,1.7848,46.9023,0.842,2711.7,6.34,9.02,10.8,11.98,Stable,Simulated (based on journal's BBD model),"10.55248/gengpi.4.1223.123318 (simulated, derived design space)"
F0384,15.7602,0.8555,19.0161,2.9167,2.0075,2.0258,1.7832,0.0321,3.5913,0.0168,1.7152,49.4813,0.7984,2589.6,5.75,8.64,9.2,12.23,Stable,Simulated (based on journal's BBD model),"10.55248/gengpi.4.1223.123318 (simulated, derived design space)"
F0385,12.4638,0.8882,28.9918,3.2159,1.9392,1.8002,2.2182,0.0374,3.5267,0.02,2.2243,41.7698,0.9044,2614.3,5.84,9.08,11.6,11.7,Stable,Simulated (based on journal's BBD model),"10.55248/gengpi.4.1223.123318 (simulated, derived design space)"
F0386,16.2278,2.6291,17.0704,3.112,1.7575,1.6922,1.8388,0.034,3.1664,0.0154,1.7801,49.7529,0.9233,2511.3,6.26,8.43,7.5,12.19,Stable,Simulated (based on journal's BBD model),"10.55248/gengpi.4.1223.123318 (simulated, derived design space)"
F0387,14.5347,3.2725,26.4152,2.4538,1.9822,1.6871,1.5721,0.0395,3.7027,0.016,1.7413,41.6303,0.9525,3005.8,6.4,9.5,11.2,11.79,Needs Evaluation,Simulated (based on journal's BBD model),"10.55248/gengpi.4.1223.123318 (simulated, derived design space)"
F0388,13.417,2.2376,21.1021,3.1049,2.1545,2.1917,2.114,0.0428,3.9322,0.0213,1.8226,46.9441,0.9152,2460,6.14,8.04,7.3,11.88,Stable,Simulated (based on journal's BBD model),"10.55248/gengpi.4.1223.123318 (simulated, derived design space)"
F0389,11.3687,2.5207,19.6976,2.793,1.9309,2.0858,2.0661,0.046,4.5197,0.0206,2.0032,49.8069,1.1408,1911.5,6.08,7.79,5.8,11.8,Needs Evaluation,Simulated (based on journal's BBD model),"10.55248/gengpi.4.1223.123318 (simulated, derived design space)"
F0390,14.9321,3.0123,22.6781,2.552,1.7209,1.9543,1.9494,0.0313,3.7401,0.0156,1.5634,45.0197,0.8308,2898.6,6.69,9.44,9.9,11.92,Needs Evaluation,Simulated (based on journal's BBD model),"10.55248/gengpi.4.1223.123318 (simulated, derived design space)"
F0391,10.9338,3.7735,28.0996,2.6185,1.719,1.6982,2.1777,0.0352,3.7815,0.0191,1.9971,42.2566,0.8902,2195.5,6.46,9.08,10.2,11.49,Stable,Simulated (based on journal's BBD model),"10.55248/gengpi.4.1223.123318 (simulated, derived design space)"
F0392,13.6077,0.7625,26.1011,3.0807,1.577,1.8233,1.6993,0.035,3.2645,0.0185,2.0539,45.1866,0.7899,2924.6,5.8,8.9,11,11.86,Stable,Simulated (based on journal's BBD model),"10.55248/gengpi.4.1223.123318 (simulated, derived design space)"
F0393,11.1127,1.2032,26.2109,2.6851,2.0799,1.7556,1.8225,0.0381,4.363,0.0217,1.7562,46.0897,0.8615,2447.4,5.89,8.04,4.5,11.67,Stable,Simulated (based on journal's BBD model),"10.55248/gengpi.4.1223.123318 (simulated, derived design space)"
F0394,17.167,3.3422,18.0408,2.8376,1.9527,1.8375,1.8194,0.0344,4.1713,0.0186,1.7311,45.9569,1.0904,2549.9,6.5,8.42,8.3,12.18,Stable,Simulated (based on journal's BBD model),"10.55248/gengpi.4.1223.123318 (simulated, derived design space)"
F0395,11.3977,1.3085,21.1192,2.6573,1.8933,2.2065,2.0323,0.0382,4.4407,0.017,1.7936,50.0796,1.0162,2103.1,6.21,8.15,8.6,11.83,Stable,Simulated (based on journal's BBD model),"10.55248/gengpi.4.1223.123318 (simulated, derived design space)"
F0396,14.1254,1.5803,17.882,2.7441,1.662,2.1214,1.8564,0.0354,4.0394,0.0187,1.7637,51.1331,1.0381,2449.9,6.34,8.24,8.2,12.13,Stable,Simulated (based on journal's BBD model),"10.55248/gengpi.4.1223.123318 (simulated, derived design space)"
F0397,10.0917,1.2532,26.0115,2.3365,1.9576,1.8053,1.7906,0.031,3.988,0.0174,1.8419,47.9103,0.9651,2428.4,6.04,8.79,9.4,11.62,Stable,Simulated (based on journal's BBD model),"10.55248/gengpi.4.1223.123318 (simulated, derived design space)"
F0398,14.6425,1.561,18.8801,3.2002,1.8547,2.0278,1.9177,0.0352,3.9874,0.0168,1.8844,49.0433,0.9488,2491.4,6.07,8.51,7.1,12.09,Stable,Simulated (based on journal's BBD model),"10.55248/gengpi.4.1223.123318 (simulated, derived design space)"
F0399,16.0505,3.1579,25.8136,2.5922,1.7977,1.8204,1.6478,0.0316,4.1656,0.0169,1.6933,40.176,1.0363,3031.6,6.36,9.8,13.4,11.9,Needs Evaluation,Simulated (based on journal's BBD model),"10.55248/gengpi.4.1223.123318 (simulated, derived design space)"
F0400,15.2974,0.7478,20.6812,3.3698,2.207,1.9519,1.9679,0.0413,3.4742,0.0188,1.8646,47.2625,1.1155,2371.9,6.07,8.22,7.7,12.11,Stable,Simulated (based on journal's BBD model),"10.55248/gengpi.4.1223.123318 (simulated, derived design space)"
F0401,10.9521,0.7959,20.4495,2.9585,1.8639,2.0104,2.0891,0.0399,3.7862,0.0183,1.5826,52.5675,0.8859,2143.2,6,8.37,6.4,11.81,Stable,Simulated (based on journal's BBD model),"10.55248/gengpi.4.1223.123318 (simulated, derived design space)"
F0402,12.5694,1.8096,23.9798,2.3853,1.6844,1.7301,1.7948,0.0371,3.3136,0.0179,1.5315,48.3212,0.8254,2783.4,6.11,9.1,11.6,11.8,Stable,Simulated (based on journal's BBD model),"10.55248/gengpi.4.1223.123318 (simulated, derived design space)"
F0403,15.2616,1.9646,20.9032,2.3259,1.9092,1.6174,1.9601,0.0393,3.9661,0.0176,1.8433,47.4133,0.7783,2786.6,5.94,8.92,9.9,12.11,Stable,Simulated (based on journal's BBD model),"10.55248/gengpi.4.1223.123318 (simulated, derived design space)"
F0404,11.4469,1.8385,23.1559,3.1064,1.7422,1.9993,1.807,0.0408,4.1589,0.0203,2.1399,47.4659,1.078,2038.5,6.27,8.17,9.2,11.73,Stable,Simulated (based on journal's BBD model),"10.55248/gengpi.4.1223.123318 (simulated, derived design space)"
F0405,11.9245,0.8521,18.2432,3.2307,2.0197,1.6974,1.829,0.0393,4.2071,0.0165,1.7602,53.3655,0.8149,2160.9,5.99,7.72,5.8,11.95,Stable,Simulated (based on journal's BBD model),"10.55248/gengpi.4.1223.123318 (simulated, derived design space)"
F0406,11.3939,2.6068,24.8096,2.494,1.5515,1.7186,1.9192,0.0373,2.9743,0.0181,1.7467,47.9718,0.7581,2744.2,6.15,9.29,8.3,11.65,Stable,Simulated (based on journal's BBD model),"10.55248/gengpi.4.1223.123318 (simulated, derived design space)"
F0407,10.3001,1.5071,21.3478,3.3158,1.823,1.9272,2.0503,0.035,3.8843,0.0209,2.1647,50.5992,1.0245,1932.6,6.03,8.17,7.4,11.69,Needs Evaluation,Simulated (based on journal's BBD model),"10.55248/gengpi.4.1223.123318 (simulated, derived design space)"
F0408,14.8,2.9704,19.3725,2.7692,1.9446,2.0303,1.6551,0.0428,4.1962,0.0175,2.0601,47.2133,0.9283,2456.5,6.24,8.69,10.9,12.03,Stable,Simulated (based on journal's BBD model),"10.55248/gengpi.4.1223.123318 (simulated, derived design space)"
F0409,13.2129,2.617,23.3198,2.2823,1.9475,1.7358,1.6325,0.0324,3.4976,0.0196,1.6936,47.2364,0.7726,2807.1,6.14,9.06,11.1,11.84,Stable,Simulated (based on journal's BBD model),"10.55248/gengpi.4.1223.123318 (simulated, derived design space)"
F0410,13.2559,1.3191,21.679,3.0767,2.0461,1.7378,2.1318,0.0389,3.648,0.0189,1.9518,48.1536,0.9422,2526.9,6.01,8.27,9.3,11.93,Stable,Simulated (based on journal's BBD model),"10.55248/gengpi.4.1223.123318 (simulated, derived design space)"
F0411,10.1784,2.9525,26.8903,3.1346,1.7701,1.641,1.8526,0.0326,4.1647,0.0167,1.7058,44.7717,0.8889,2421,6.15,8.79,8.7,11.44,Stable,Simulated (based on journal's BBD model),"10.55248/gengpi.4.1223.123318 (simulated, derived design space)"
F0412,12.4629,0.9753,22.4409,2.7092,1.8853,2.0038,1.9902,0.0402,3.2711,0.0158,1.6661,49.5282,1.011,2667,5.9,8.77,9.2,11.88,Stable,Simulated (based on journal's BBD model),"10.55248/gengpi.4.1223.123318 (simulated, derived design space)"
F0413,10.1778,2.4041,21.6568,2.9213,2.0299,2.1804,2.0586,0.0385,4.3027,0.022,1.7393,49.5504,0.9181,1882.1,6.11,8.12,7.6,11.62,Needs Evaluation,Simulated (based on journal's BBD model),"10.55248/gengpi.4.1223.123318 (simulated, derived design space)"
F0414,14.9106,3.1644,26.1824,2.5202,2.0265,1.7102,1.8358,0.0313,3.1202,0.0193,1.7773,41.882,0.8198,2921.2,5.98,9.29,10.8,11.83,Stable,Simulated (based on journal's BBD model),"10.55248/gengpi.4.1223.123318 (simulated, derived design space)"
F0415,12.3945,3.8245,25.3489,2.5361,1.9314,2.1947,1.8553,0.0347,4.2514,0.0204,2.0144,42.7138,0.88,2397.5,6.99,8.4,8.6,11.66,Needs Evaluation,Simulated (based on journal's BBD model),"10.55248/gengpi.4.1223.123318 (simulated, derived design space)"
F0416,11.3036,3.524,25.8997,2.9486,1.6095,1.625,1.8388,0.0331,4.2143,0.0165,1.8358,44.1912,0.9599,2381.4,6.49,8.82,9.3,11.54,Stable,Simulated (based on journal's BBD model),"10.55248/gengpi.4.1223.123318 (simulated, derived design space)"
F0417,8.995,3.2293,24.3903,2.4549,1.8936,1.4974,1.9865,0.0351,3.2792,0.0167,1.5158,49.9554,0.7508,2164.6,6.03,8.49,11.6,11.42,Stable,Simulated (based on journal's BBD model),"10.55248/gengpi.4.1223.123318 (simulated, derived design space)"
F0418,15.5093,0.8252,20.1777,2.7232,2.1273,1.8003,2.0292,0.0363,4.4017,0.0225,1.9965,47.4372,0.9135,2578.8,5.85,8.58,9.5,12.2,Stable,Simulated (based on journal's BBD model),"10.55248/gengpi.4.1223.123318 (simulated, derived design space)"
F0419,14.3646,2.091,22.3085,2.5781,1.8225,1.8312,1.962,0.0418,3.5057,0.0159,1.8454,46.8016,0.8318,2779.2,6.51,8.92,7.6,11.97,Needs Evaluation,Simulated (based on journal's BBD model),"10.55248/gengpi.4.1223.123318 (simulated, derived design space)"
F0420,16.4556,2.1871,22.0219,2.9331,2.0059,1.7766,2.195,0.0412,4.0754,0.0172,2.0206,43.4143,0.8559,2744.2,6.01,8.28,8.1,12.09,Stable,Simulated (based on journal's BBD model),"10.55248/gengpi.4.1223.123318 (simulated, derived design space)"
F0421,13.0348,1.1576,28.9284,2.9612,2.0476,1.837,1.7029,0.0443,3.6285,0.0189,2.0257,41.5536,1.0595,2815.6,5.97,8.77,10.1,11.73,Stable,Simulated (based on journal's BBD model),"10.55248/gengpi.4.1223.123318 (simulated, derived design space)"
F0422,11.494,0.7884,25.1805,2.9361,1.8609,1.8374,1.753,0.0403,4.3726,0.0173,1.9716,46.8053,0.9426,2371.5,6.41,8.82,8.5,11.74,Stable,Simulated (based on journal's BBD model),"10.55248/gengpi.4.1223.123318 (simulated, derived design space)"
F0423,12.9941,1.2726,19.8816,3.3354,1.899,2.2085,2.0207,0.0407,4.1402,0.0201,1.8391,49.2519,1.096,2190.1,5.69,7.75,6.1,11.94,Stable,Simulated (based on journal's BBD model),"10.55248/gengpi.4.1223.123318 (simulated, derived design space)"
F0424,11.273,0.6546,27.7518,2.6435,1.7721,1.8022,1.7141,0.0402,3.3677,0.0172,2.0136,45.9249,1.0251,2487.1,5.67,8.51,8.9,11.69,Stable,Simulated (based on journal's BBD model),"10.55248/gengpi.4.1223.123318 (simulated, derived design space)"
F0425,13.9944,2.043,20.7738,3.0293,2.1766,2.2516,2.0218,0.038,3.594,0.0182,1.9464,47.012,1.1008,2408.2,6.32,8.12,7,11.96,Stable,Simulated (based on journal's BBD model),"10.55248/gengpi.4.1223.123318 (simulated, derived design space)"
F0426,13.6422,2.4117,19.7459,2.9481,1.5458,1.9939,1.8012,0.0348,3.5855,0.0188,1.532,49.8572,0.8828,2584.1,6.21,8.4,5.2,11.93,Stable,Simulated (based on journal's BBD model),"10.55248/gengpi.4.1223.123318 (simulated, derived design space)"
F0427,13.3306,2.9297,23.2275,3.4415,2.0754,2.2012,1.7791,0.0391,3.8334,0.0206,2.2337,44.0099,0.8785,2466.6,6.34,8.4,10.4,11.77,Stable,Simulated (based on journal's BBD model),"10.55248/gengpi.4.1223.123318 (simulated, derived design space)"
F0428,17.1768,1.0569,20.1603,3.1452,2.3377,2.0091,1.9546,0.0426,4.6558,0.0227,2.3681,44.1591,0.9111,2490.9,5.74,8.78,8.6,12.27,Stable,Simulated (based on journal's BBD model),"10.55248/gengpi.4.1223.123318 (simulated, derived design space)"
F0429,15.9564,0.7752,21.9654,2.9426,1.9938,2.0927,1.8731,0.0405,4.017,0.0199,2.0409,45.4255,0.8572,2552,6.1,8.69,9.2,12.15,Stable,Simulated (based on journal's BBD model),"10.55248/gengpi.4.1223.123318 (simulated, derived design space)"
F0430,14.0634,2.9574,20.0106,2.6254,1.7443,1.6352,1.5646,0.037,4.1325,0.0162,1.5568,48.8225,0.834,2670.4,6.34,8.77,10.1,11.94,Stable,Simulated (based on journal's BBD model),"10.55248/gengpi.4.1223.123318 (simulated, derived design space)"
F0431,13.6256,1.9424,22.7753,2.632,1.6152,1.7858,1.7969,0.039,3.815,0.0187,1.575,47.4883,0.8909,2769.7,5.9,8.92,10.1,11.89,Stable,Simulated (based on journal's BBD model),"10.55248/gengpi.4.1223.123318 (simulated, derived design space)"
F0432,15.4346,0.6073,19.3513,2.9696,2.0572,2.1745,2.0521,0.0406,3.7432,0.0164,1.7126,48.8232,1.0172,2392.9,5.69,8.84,9.7,12.21,Stable,Simulated (based on journal's BBD model),"10.55248/gengpi.4.1223.123318 (simulated, derived design space)"
F0433,11.1072,3.3275,25.7063,3.2305,1.7047,2.2088,1.7578,0.0329,4.426,0.018,2.0227,43.4716,0.986,2321.1,6.11,8.59,9.5,11.53,Stable,Simulated (based on journal's BBD model),"10.55248/gengpi.4.1223.123318 (simulated, derived design space)"
F0434,13.5995,1.5813,18.6194,2.5678,1.6387,2.0321,1.7575,0.0335,3.5708,0.0172,1.9464,51.7459,0.8899,2572,6.15,8.48,7.6,12.09,Stable,Simulated (based on journal's BBD model),"10.55248/gengpi.4.1223.123318 (simulated, derived design space)"
F0435,13.4373,2.6785,27.314,2.8064,2.1343,2.0482,1.8985,0.0393,3.6106,0.0218,2.0006,41.1075,0.903,2841.2,6.21,8.99,9.7,11.72,Stable,Simulated (based on journal's BBD model),"10.55248/gengpi.4.1223.123318 (simulated, derived design space)"
F0436,13.3012,2.1958,22.2209,2.8346,2.2203,2.1102,1.912,0.0397,4.3178,0.0183,1.8788,45.8013,1.1489,2339.8,6.28,8.43,9.7,11.87,Stable,Simulated (based on journal's BBD model),"10.55248/gengpi.4.1223.123318 (simulated, derived design space)"
F0437,13.8967,2.8,18.5682,3.1275,2.1794,2.0119,1.9257,0.0375,4.1957,0.0213,2.2356,47.9133,1.0872,2301.7,6.59,8.33,11.1,11.99,Needs Evaluation,Simulated (based on journal's BBD model),"10.55248/gengpi.4.1223.123318 (simulated, derived design space)"
F0438,12.5169,2.6943,25.3165,2.2394,1.4826,1.9367,1.7273,0.0354,3.4058,0.015,1.8496,45.9728,0.8076,2883.1,6.4,9.44,9.9,11.74,Stable,Simulated (based on journal's BBD model),"10.55248/gengpi.4.1223.123318 (simulated, derived design space)"
F0439,17.0522,2.8332,22.4007,3.0916,1.8589,1.8198,2.2407,0.0419,4.0697,0.0187,1.6864,41.8952,0.9909,2836,6.08,8.98,9.4,12.04,Stable,Simulated (based on journal's BBD model),"10.55248/gengpi.4.1223.123318 (simulated, derived design space)"
F0440,11.6265,0.7245,25.2166,2.3555,1.9295,1.6745,1.962,0.0348,3.8677,0.0146,1.8401,47.99,0.7637,2713.4,5.86,9.09,11.2,11.79,Stable,Simulated (based on journal's BBD model),"10.55248/gengpi.4.1223.123318 (simulated, derived design space)"
F0441,14.9658,1.1365,18.9545,3.4512,1.8445,2.1895,2.3668,0.0384,4.4186,0.0184,2.1705,47.3183,1.127,2168.6,5.71,8.04,7.5,12.14,Stable,Simulated (based on journal's BBD model),"10.55248/gengpi.4.1223.123318 (simulated, derived design space)"
F0442,13.8048,1.4114,22.4824,2.3328,1.8306,1.5396,1.694,0.032,3.7239,0.0161,1.9313,48.4135,0.7875,2834.5,6.31,8.88,8.9,12,Stable,Simulated (based on journal's BBD model),"10.55248/gengpi.4.1223.123318 (simulated, derived design space)"
F0443,15.639,2.7888,21.8997,2.959,1.8037,2.1822,2.05,0.0435,3.7868,0.0194,1.9458,43.9071,0.975,2581.6,5.71,8.55,10,11.99,Stable,Simulated (based on journal's BBD model),"10.55248/gengpi.4.1223.123318 (simulated, derived design space)"
F0444,10.5084,3.681,18.6201,3.4872,2.0445,1.9538,2.3121,0.0352,4.2024,0.0208,1.8784,50.1837,1.0724,1508.6,6.48,7.54,6.1,11.61,Needs Evaluation,Simulated (based on journal's BBD model),"10.55248/gengpi.4.1223.123318 (simulated, derived design space)"
F0445,12.1122,0.6742,20.7742,2.6131,1.7703,1.9681,1.8466,0.0404,3.7216,0.0227,2.2541,51.2416,0.9608,2016.4,5.78,7.85,8.4,11.99,Stable,Simulated (based on journal's BBD model),"10.55248/gengpi.4.1223.123318 (simulated, derived design space)"
F0446,15.2665,3.4511,19.9563,2.7669,1.5915,1.6488,1.7646,0.033,4.0326,0.0163,1.7875,46.7269,0.958,2619.5,6.18,8.98,12.2,12,Stable,Simulated (based on journal's BBD model),"10.55248/gengpi.4.1223.123318 (simulated, derived design space)"
F0447,10.1752,2.1049,26.8902,2.9963,2.1236,1.9277,1.7101,0.033,3.6343,0.0205,2.0993,45.3206,0.9643,2147.9,5.98,8.27,7.5,11.53,Stable,Simulated (based on journal's BBD model),"10.55248/gengpi.4.1223.123318 (simulated, derived design space)"
F0448,11.2287,0.7646,19.7705,2.4821,2.0145,1.8335,2.2158,0.0352,3.7013,0.0186,1.6543,53.4469,0.834,2148.6,5.65,8.56,10.4,11.91,Stable,Simulated (based on journal's BBD model),"10.55248/gengpi.4.1223.123318 (simulated, derived design space)"
F0449,15.3983,0.7631,18.9195,3.0045,2.0593,2.2651,1.7884,0.0445,3.7051,0.0196,1.9174,49.2069,0.9082,2343.5,5.78,8.59,5.7,12.22,Stable,Simulated (based on journal's BBD model),"10.55248/gengpi.4.1223.123318 (simulated, derived design space)"
F0450,16.0172,2.8625,22.7859,2.6539,2.1283,1.952,1.7483,0.0355,4.1629,0.0165,2.1896,42.4088,1.0387,2629.1,6.28,8.9,10.9,12.03,Stable,Simulated (based on journal's BBD model),"10.55248/gengpi.4.1223.123318 (simulated, derived design space)"
F0451,15.4785,0.8309,19.514,2.9986,2.2821,1.9189,1.914,0.0421,4.5217,0.023,1.956,47.2948,1.2254,2228.9,5.95,8.27,8.4,12.2,Stable,Simulated (based on journal's BBD model),"10.55248/gengpi.4.1223.123318 (simulated, derived design space)"
F0452,10.7347,3.2099,25.7534,2.9195,1.7991,1.7567,1.6769,0.0379,3.8797,0.0181,1.8775,45.3507,0.9857,2261.2,6.56,8.47,9.3,11.52,Needs Evaluation,Simulated (based on journal's BBD model),"10.55248/gengpi.4.1223.123318 (simulated, derived design space)"
F0453,16.2687,1.4429,27.4038,2.4297,1.9217,1.6164,2.0842,0.0376,3.9175,0.0205,1.6685,40.1505,1.038,2989.1,6.45,9.36,10.5,11.97,Stable,Simulated (based on journal's BBD model),"10.55248/gengpi.4.1223.123318 (simulated, derived design space)"
F0454,9.9059,1.4834,17.7799,2.8306,2.1624,2.2132,2.0128,0.0347,4.3373,0.0194,1.7325,54.4466,1.0413,1779.3,5.89,7.93,6.1,11.79,Needs Evaluation,Simulated (based on journal's BBD model),"10.55248/gengpi.4.1223.123318 (simulated, derived design space)"
F0455,14.923,1.2964,22.3888,3.1314,2.0887,1.8978,2.0935,0.0424,4.0283,0.0177,1.7943,45.4461,0.8517,2609.3,6.14,8.56,8.7,12,Stable,Simulated (based on journal's BBD model),"10.55248/gengpi.4.1223.123318 (simulated, derived design space)"
F0456,9.8014,2.7579,23.7418,2.3845,2.0384,1.8462,1.7351,0.039,3.3548,0.0191,1.5593,49.832,0.8905,2198.5,6.44,8.27,8.6,11.54,Stable,Simulated (based on journal's BBD model),"10.55248/gengpi.4.1223.123318 (simulated, derived design space)"
F0457,13.4425,2.633,22.8914,3.2712,1.949,2.1502,2.1265,0.038,3.5846,0.019,2.1411,44.7714,0.9823,2607.4,5.97,8.47,9.3,11.82,Stable,Simulated (based on journal's BBD model),"10.55248/gengpi.4.1223.123318 (simulated, derived design space)"
F0458,11.027,3.3473,19.4571,2.8335,2.2442,1.9347,2.3159,0.0464,3.7742,0.0175,2.1529,49.9568,0.8926,1782.8,6.3,7.84,6.6,11.73,Needs Evaluation,Simulated (based on journal's BBD model),"10.55248/gengpi.4.1223.123318 (simulated, derived design space)"
F0459,16.4359,1.9549,22.0692,2.7652,1.9914,2.0342,2.0822,0.0371,4.5453,0.018,2.2829,42.7877,0.9958,2547.2,5.78,8.6,10.9,12.13,Stable,Simulated (based on journal's BBD model),"10.55248/gengpi.4.1223.123318 (simulated, derived design space)"
F0460,12.767,2.9632,25.1439,3.1632,1.7733,1.9801,1.9661,0.0368,3.8183,0.0181,1.7112,43.8135,0.8451,2670.3,6.24,9.04,11.5,11.67,Stable,Simulated (based on journal's BBD model),"10.55248/gengpi.4.1223.123318 (simulated, derived design space)"
F0461,14.3196,3.8207,23.7777,3.2806,1.7061,1.7692,1.9153,0.04,4.2699,0.0224,1.885,42.1305,1.0631,2614.5,6.78,8.49,8.6,11.76,Needs Evaluation,Simulated (based on journal's BBD model),"10.55248/gengpi.4.1223.123318 (simulated, derived design space)"
F0462,15.6743,2.2292,21.0072,3.3227,2.0345,1.8861,1.8118,0.0415,3.579,0.0175,1.9568,45.4323,1.0072,2598.3,6.11,8.74,9.9,12.03,Stable,Simulated (based on journal's BBD model),"10.55248/gengpi.4.1223.123318 (simulated, derived design space)"
F0463,13.8458,2.2775,25.2999,2.4627,1.7994,1.4831,1.6534,0.0389,3.453,0.016,1.5121,45.2679,0.8903,3038.9,6.17,9.53,12.4,11.82,Needs Evaluation,Simulated (based on journal's BBD model),"10.55248/gengpi.4.1223.123318 (simulated, derived design space)"
F0464,10.4379,2.0987,24.2193,2.2954,1.9679,1.8908,1.5709,0.037,3.3542,0.0169,1.8847,49.4552,0.7712,2363.7,5.85,8.68,7.7,11.65,Stable,Simulated (based on journal's BBD model),"10.55248/gengpi.4.1223.123318 (simulated, derived design space)"
F0465,9.8233,2.7635,21.908,2.5697,2.0646,2.057,1.8781,0.0354,3.9279,0.0177,1.7365,50.4055,0.8129,1898.3,6.22,8.11,8.2,11.59,Needs Evaluation,Simulated (based on journal's BBD model),"10.55248/gengpi.4.1223.123318 (simulated, derived design space)"
F0466,12.9689,3.5834,22.8285,2.8626,1.8315,1.9342,1.8974,0.0423,3.7621,0.0205,1.7463,45.5462,0.976,2352.6,6.13,8.39,9.1,11.73,Stable,Simulated (based on journal's BBD model),"10.55248/gengpi.4.1223.123318 (simulated, derived design space)"
F0467,11.483,0.8329,22.5829,2.8059,1.8809,2.2478,1.7819,0.0424,4.0187,0.0209,2.124,49.2003,0.9783,2030,5.81,8.26,8.6,11.84,Stable,Simulated (based on journal's BBD model),"10.55248/gengpi.4.1223.123318 (simulated, derived design space)"
F0468,13.7298,1.7364,18.588,2.9349,1.9199,1.7357,1.878,0.0415,3.9144,0.0168,1.933,50.5353,1.0364,2435.6,6.26,8.05,8.5,12.05,Stable,Simulated (based on journal's BBD model),"10.55248/gengpi.4.1223.123318 (simulated, derived design space)"
F0469,9.9401,1.9499,21.4445,3.0735,1.7839,2.0031,2.1916,0.0425,4.3929,0.0223,1.6637,50.5427,0.9495,1916.7,6.08,7.98,7.2,11.61,Needs Evaluation,Simulated (based on journal's BBD model),"10.55248/gengpi.4.1223.123318 (simulated, derived design space)"
F0470,16.2149,0.8838,20.0366,3.2062,1.6992,2.1723,1.6944,0.0415,3.8068,0.0205,2.1003,47.2483,0.8752,2437.3,6.21,8.58,9,12.21,Stable,Simulated (based on journal's BBD model),"10.55248/gengpi.4.1223.123318 (simulated, derived design space)"
F0471,14.417,2.0854,23.3257,2.6358,1.9471,2.3407,2.2777,0.0389,4.2042,0.0226,2.0121,43.7995,0.8934,2549.4,6.01,8.66,9.3,11.95,Stable,Simulated (based on journal's BBD model),"10.55248/gengpi.4.1223.123318 (simulated, derived design space)"
F0472,11.3379,3.173,27.6654,3.0582,2.0546,1.6906,2.1633,0.0428,3.6538,0.0209,1.8008,42.4424,0.8963,2316.1,6.32,8.67,6.3,11.51,Stable,Simulated (based on journal's BBD model),"10.55248/gengpi.4.1223.123318 (simulated, derived design space)"
F0473,13.4193,1.4768,17.8257,3.0062,1.8821,1.8255,2.1567,0.0417,4.3027,0.0194,1.7277,51.4304,0.8858,2280.2,5.99,7.95,7,12.06,Stable,Simulated (based on journal's BBD model),"10.55248/gengpi.4.1223.123318 (simulated, derived design space)"
F0474,15.6151,3.2077,21.3719,2.919,1.8781,1.978,1.776,0.0394,3.5854,0.0205,1.8057,44.8192,0.9841,2821,6.42,9.01,8.8,11.98,Stable,Simulated (based on journal's BBD model),"10.55248/gengpi.4.1223.123318 (simulated, derived design space)"
F0475,15.847,2.8222,24.7681,2.3037,1.7689,1.8647,1.963,0.0309,3.9499,0.0181,1.6239,42.205,0.8346,2978.7,6.43,9.26,10.6,11.95,Stable,Simulated (based on journal's BBD model),"10.55248/gengpi.4.1223.123318 (simulated, derived design space)"
F0476,11.0284,1.3895,23.3716,3.0066,2.1518,1.9626,2.1675,0.0413,3.5253,0.0179,1.9565,48.3111,1.0699,2209.7,5.87,7.9,6,11.71,Stable,Simulated (based on journal's BBD model),"10.55248/gengpi.4.1223.123318 (simulated, derived design space)"
F0477,14.422,2.0143,23.8778,2.6699,2.0716,2.184,1.8317,0.0394,4.5137,0.0188,2.0314,43.3065,1.0189,2708,6.23,8.94,11.7,11.93,Stable,Simulated (based on journal's BBD model),"10.55248/gengpi.4.1223.123318 (simulated, derived design space)"
F0478,12.0783,3.1249,26.1845,2.6637,2.0063,1.8207,1.7968,0.035,3.2428,0.0151,1.6386,44.5372,0.8562,2754.8,6.22,9.21,8.6,11.62,Stable,Simulated (based on journal's BBD model),"10.55248/gengpi.4.1223.123318 (simulated, derived design space)"
F0479,10.8811,0.7502,26.8434,3.0118,2.12,1.7597,2.0086,0.0364,3.6116,0.0168,1.7481,46.3423,0.8701,2274.7,5.72,8.6,9,11.63,Stable,Simulated (based on journal's BBD model),"10.55248/gengpi.4.1223.123318 (simulated, derived design space)"
F0480,16.5133,3.7807,20.482,2.8876,1.6741,2.0368,1.9038,0.0364,3.5648,0.0204,1.9052,44.1622,1.0326,2592.3,6.57,8.92,9.6,12.03,Needs Evaluation,Simulated (based on journal's BBD model),"10.55248/gengpi.4.1223.123318 (simulated, derived design space)"
F0481,13.3071,0.857,22.776,2.5488,1.9604,1.5436,1.8036,0.0334,3.9331,0.0164,1.9693,48.446,0.8052,2669.7,5.53,8.94,10.1,11.97,Stable,Simulated (based on journal's BBD model),"10.55248/gengpi.4.1223.123318 (simulated, derived design space)"
F0482,11.0104,1.4668,23.2598,3.2081,1.9609,2.4191,2.3093,0.0381,4.547,0.0228,2.4733,46.2791,1.0055,1884.5,5.97,8.21,6.7,11.73,Needs Evaluation,Simulated (based on journal's BBD model),"10.55248/gengpi.4.1223.123318 (simulated, derived design space)"
F0483,11.3749,1.1671,26.6062,2.5639,1.9013,2.1719,1.7385,0.0439,4.408,0.0195,1.7294,45.3374,0.938,2420.2,6.07,8.54,8.9,11.68,Stable,Simulated (based on journal's BBD model),"10.55248/gengpi.4.1223.123318 (simulated, derived design space)"
F0484,11.6682,1.1672,24.487,3.0266,2.0037,1.7939,1.7557,0.0431,4.2752,0.0187,2.0937,46.7401,0.9269,2384.5,5.85,8.6,8.9,11.75,Stable,Simulated (based on journal's BBD model),"10.55248/gengpi.4.1223.123318 (simulated, derived design space)"
F0485,11.8076,2.8372,22.7917,2.7197,1.9565,1.4905,1.7723,0.0379,3.5281,0.0165,1.5523,48.6261,0.8636,2668.2,6.5,8.86,10.4,11.69,Needs Evaluation,Simulated (based on journal's BBD model),"10.55248/gengpi.4.1223.123318 (simulated, derived design space)"
F0486,14.4854,1.8526,22.9172,3.1039,1.8249,1.8332,1.6668,0.0427,3.3282,0.0198,1.8474,46.0783,0.9995,2675.2,6.2,8.84,10.2,11.93,Stable,Simulated (based on journal's BBD model),"10.55248/gengpi.4.1223.123318 (simulated, derived design space)"
F0487,10.7524,3.4546,24.4807,3.1636,1.884,1.9162,2.1302,0.0424,3.7258,0.0176,1.8317,45.7151,0.8857,2157.5,6.38,8.7,8.7,11.52,Stable,Simulated (based on journal's BBD model),"10.55248/gengpi.4.1223.123318 (simulated, derived design space)"
F0488,11.5745,1.8012,19.0545,2.8401,2.1975,2.2686,1.8638,0.0402,4.0312,0.0226,2.1941,51.0426,1.069,1951.5,6.1,8.06,9,11.9,Needs Evaluation,Simulated (based on journal's BBD model),"10.55248/gengpi.4.1223.123318 (simulated, derived design space)"
F0489,13.8089,1.7288,23.5168,3.0454,1.8923,2.0645,2.1501,0.0348,3.8233,0.0189,2.0489,44.8567,1.0107,2689.6,6,8.66,8.7,11.89,Stable,Simulated (based on journal's BBD model),"10.55248/gengpi.4.1223.123318 (simulated, derived design space)"
F0490,17.0239,3.7314,18.5418,2.4792,1.7376,2.222,1.7485,0.0387,4.2728,0.0166,1.9948,45.1205,1.0722,2444.2,6.34,8.79,10.3,12.18,Stable,Simulated (based on journal's BBD model),"10.55248/gengpi.4.1223.123318 (simulated, derived design space)"
F0491,10.5917,2.0522,22.1249,3.378,2.2467,2.0344,2.1268,0.0425,4.5265,0.0201,1.9221,47.8924,1.0417,1770.9,6.12,7.58,5.2,11.64,Needs Evaluation,Simulated (based on journal's BBD model),"10.55248/gengpi.4.1223.123318 (simulated, derived design space)"
F0492,11.6469,1.2628,22.8297,2.7402,2.0393,1.9125,1.9588,0.0402,3.6247,0.0178,2.2163,48.7424,0.9684,2186.9,6.32,8.32,10,11.83,Stable,Simulated (based on journal's BBD model),"10.55248/gengpi.4.1223.123318 (simulated, derived design space)"
F0493,14.6749,1.128,19.7087,3.0741,2.1261,1.6699,1.8733,0.0343,3.2544,0.0178,1.6742,49.8175,0.9468,2559.3,5.64,8.45,9.5,12.09,Stable,Simulated (based on journal's BBD model),"10.55248/gengpi.4.1223.123318 (simulated, derived design space)"
F0494,13.6568,1.5562,17.7113,2.5583,1.686,1.8199,1.9484,0.0346,3.1757,0.0187,1.9191,52.9601,0.955,2349.2,5.83,8.81,8.8,12.13,Stable,Simulated (based on journal's BBD model),"10.55248/gengpi.4.1223.123318 (simulated, derived design space)"
F0495,10.7014,2.0473,23.8139,2.6556,1.5393,1.8873,1.931,0.0331,3.7115,0.0173,1.9751,48.7961,0.8911,2507.4,5.74,8.89,9.8,11.66,Stable,Simulated (based on journal's BBD model),"10.55248/gengpi.4.1223.123318 (simulated, derived design space)"
F0496,15.6406,1.3155,22.1128,3.2484,2.0829,1.8952,1.7845,0.0373,3.6502,0.0176,2.094,45.1587,0.9623,2638.5,5.84,8.79,9.3,12.07,Stable,Simulated (based on journal's BBD model),"10.55248/gengpi.4.1223.123318 (simulated, derived design space)"
F0497,10.9813,2.6725,25.8099,2.9986,2.0071,1.7748,2.0592,0.041,3.6672,0.0181,1.8176,45.0943,1.0582,2078.8,6.08,8.29,8.5,11.56,Stable,Simulated (based on journal's BBD model),"10.55248/gengpi.4.1223.123318 (simulated, derived design space)"
F0498,12.3321,1.2836,23.3563,2.509,2.0548,1.9679,2.188,0.0352,4.2652,0.0213,1.7357,47.3706,0.8805,2354.7,5.55,8.32,9.4,11.84,Stable,Simulated (based on journal's BBD model),"10.55248/gengpi.4.1223.123318 (simulated, derived design space)"
F0499,15.5101,0.9083,26.1865,2.4326,1.9088,1.6791,1.5754,0.0391,3.3263,0.0185,1.7995,43.7346,0.8811,2980.9,6.01,9.48,12,12,Stable,Simulated (based on journal's BBD model),"10.55248/gengpi.4.1223.123318 (simulated, derived design space)"
F0500,10.1031,1.0412,25.6863,2.8425,1.8754,1.721,1.9353,0.0343,3.8356,0.0208,1.7913,48.005,1.1082,2189.7,6.18,8.72,8.8,11.6,Stable,Simulated (based on journal's BBD model),"10.55248/gengpi.4.1223.123318 (simulated, derived design space)"
F0501,10.7971,1.0645,21.3732,3.0452,2.3086,1.9952,2.1887,0.0445,4.2914,0.02,2.14,49.8164,0.9153,1746.5,5.72,8.15,5.8,11.79,Needs Evaluation,Simulated (based on journal's BBD model),"10.55248/gengpi.4.1223.123318 (simulated, derived design space)"
F0502,11.6216,1.6969,22.0275,3.0727,1.9281,2.1771,1.6573,0.0385,3.9399,0.0216,1.6615,49.0946,1.0626,2273.5,6.07,8.46,9.1,11.75,Stable,Simulated (based on journal's BBD model),"10.55248/gengpi.4.1223.123318 (simulated, derived design space)"
F0503,12.2077,0.6799,26.2375,2.6862,1.5516,1.9098,1.7971,0.0321,3.304,0.0157,1.8472,46.8263,0.905,2743.3,5.69,9.15,12.4,11.78,Stable,Simulated (based on journal's BBD model),"10.55248/gengpi.4.1223.123318 (simulated, derived design space)"
F0504,14.0999,2.7248,21.5539,3.2767,1.7283,2.0414,1.6529,0.0438,3.4317,0.0171,1.8443,46.6976,0.8876,2676.2,6.25,8.24,7.7,11.87,Stable,Simulated (based on journal's BBD model),"10.55248/gengpi.4.1223.123318 (simulated, derived design space)"
F0505,15.4472,2.7598,25.0199,2.9785,1.768,1.6492,1.7463,0.0412,4.2888,0.0187,1.5986,41.7967,0.8871,2913.6,6.26,9.01,10.8,11.87,Stable,Simulated (based on journal's BBD model),"10.55248/gengpi.4.1223.123318 (simulated, derived design space)"
F0506,14.3854,2.7055,22.5046,2.5743,1.7262,1.7318,1.7272,0.0338,3.8113,0.0178,1.8012,46.2202,0.7606,2885.6,6.62,9.29,11.1,11.92,Needs Evaluation,Simulated (based on journal's BBD model),"10.55248/gengpi.4.1223.123318 (simulated, derived design space)"
F0507,11.9728,2.2451,21.4931,2.2835,1.8283,1.9411,1.5856,0.0363,3.6336,0.0159,1.5675,50.5418,0.8554,2531.4,6.38,8.51,10.3,11.82,Stable,Simulated (based on journal's BBD model),"10.55248/gengpi.4.1223.123318 (simulated, derived design space)"
F0508,13.1021,0.7777,24.8424,2.5085,1.633,1.7103,1.6728,0.0384,3.9052,0.0163,1.9187,46.898,0.9767,2769.6,6.01,9.33,10.6,11.9,Stable,Simulated (based on journal's BBD model),"10.55248/gengpi.4.1223.123318 (simulated, derived design space)"
F0509,10.7659,2.7019,23.6601,3.045,2.2373,2.3701,2.2143,0.0474,3.9853,0.0216,2.1122,45.7485,1.0903,1925,6.24,8.27,9.6,11.61,Needs Evaluation,Simulated (based on journal's BBD model),"10.55248/gengpi.4.1223.123318 (simulated, derived design space)"
F0510,9.9084,0.9368,23.6636,2.6313,1.644,1.8415,1.9119,0.0357,4.0113,0.0196,1.7869,50.6266,0.9826,2221,6,8.58,8.6,11.66,Stable,Simulated (based on journal's BBD model),"10.55248/gengpi.4.1223.123318 (simulated, derived design space)"
F0511,14.8111,2.326,18.824,2.4471,1.7048,1.7779,1.681,0.036,3.2216,0.0205,1.5799,50.5638,1.0063,2642.3,6.63,9.03,9.2,12.1,Needs Evaluation,Simulated (based on journal's BBD model),"10.55248/gengpi.4.1223.123318 (simulated, derived design space)"
F0512,12.9136,1.6481,25.3091,3.0428,2.0781,1.8998,1.9487,0.0355,3.5141,0.0188,1.7705,44.7108,1.1101,2467.3,6.12,8.63,8.6,11.76,Stable,Simulated (based on journal's BBD model),"10.55248/gengpi.4.1223.123318 (simulated, derived design space)"
F0513,12.5597,1.4831,21.9087,2.6185,1.8447,1.6005,2.0796,0.0354,3.4547,0.0192,1.7359,49.7676,0.8925,2607.8,6.1,8.54,9.5,11.88,Stable,Simulated (based on journal's BBD model),"10.55248/gengpi.4.1223.123318 (simulated, derived design space)"
F0514,11.0825,1.0368,20.6562,3.2493,1.7572,1.8705,1.6282,0.0367,3.872,0.0215,1.905,51.9229,0.9611,2139.1,6.03,8.19,7.7,11.8,Stable,Simulated (based on journal's BBD model),"10.55248/gengpi.4.1223.123318 (simulated, derived design space)"
F0515,16.0539,1.3096,19.6393,2.5985,2.1441,2.1042,2.0598,0.0368,3.8108,0.0188,1.7621,47.6445,0.8174,2650.2,5.56,8.54,9,12.22,Stable,Simulated (based on journal's BBD model),"10.55248/gengpi.4.1223.123318 (simulated, derived design space)"
F0516,14.3434,2.9416,24.4602,2.8823,1.6416,1.7137,1.7849,0.0342,3.878,0.0171,1.6057,43.6669,1.0303,2809.1,6.2,9.28,10.9,11.81,Stable,Simulated (based on journal's BBD model),"10.55248/gengpi.4.1223.123318 (simulated, derived design space)"
F0517,12.5875,2.7047,21.8728,3.0194,1.6961,1.586,2.0479,0.0349,3.7045,0.0197,1.7153,48.2048,0.8064,2548.9,6.16,8.5,9.3,11.77,Stable,Simulated (based on journal's BBD model),"10.55248/gengpi.4.1223.123318 (simulated, derived design space)"
F0518,13.5141,3.269,20.8932,2.6068,1.6972,1.6276,1.7047,0.0354,3.9353,0.0194,1.9038,47.9431,0.8503,2709.1,6.55,9.04,10.2,11.88,Needs Evaluation,Simulated (based on journal's BBD model),"10.55248/gengpi.4.1223.123318 (simulated, derived design space)"
F0519,12.4867,2.4771,24.8469,3.191,1.7304,2.0124,1.8857,0.0349,4.059,0.019,1.9645,44.3607,0.9317,2736.9,6.52,8.53,8.8,11.7,Needs Evaluation,Simulated (based on journal's BBD model),"10.55248/gengpi.4.1223.123318 (simulated, derived design space)"
F0520,12.0478,1.6387,20.7495,2.6458,1.8373,1.8369,1.8117,0.0323,3.6223,0.0163,1.6099,51.2161,0.9352,2559.9,6.09,8.25,8.6,11.86,Stable,Simulated (based on journal's BBD model),"10.55248/gengpi.4.1223.123318 (simulated, derived design space)"
F0521,15.129,1.7356,27.6482,3.0799,2.0721,1.689,1.7445,0.0351,3.4889,0.0207,1.6101,40.874,0.8731,2980.3,6.1,9.27,12.5,11.83,Stable,Simulated (based on journal's BBD model),"10.55248/gengpi.4.1223.123318 (simulated, derived design space)"
F0522,9.4259,1.9325,21.481,2.4888,1.9757,1.9903,2.0009,0.0401,3.1901,0.0213,2.0534,52.5982,0.8019,1996.9,6.06,8.29,8.6,11.66,Needs Evaluation,Simulated (based on journal's BBD model),"10.55248/gengpi.4.1223.123318 (simulated, derived design space)"
F0523,13.3523,2.0032,26.3485,2.3632,1.8057,1.9063,1.9631,0.037,4.053,0.0204,1.5691,43.8046,0.7735,2818.1,6.28,9.33,13.8,11.78,Stable,Simulated (based on journal's BBD model),"10.55248/gengpi.4.1223.123318 (simulated, derived design space)"
F0524,10.623,3.2034,25.5074,2.5503,1.9564,1.6904,1.8758,0.0348,3.1062,0.0198,1.7273,46.8645,0.8408,2488.9,6.58,9.37,10.2,11.54,Needs Evaluation,Simulated (based on journal's BBD model),"10.55248/gengpi.4.1223.123318 (simulated, derived design space)"
F0525,14.8254,2.8467,22.7389,3.2081,1.8959,1.8736,1.7305,0.0358,3.2817,0.0198,1.7585,44.7567,1.0283,2673.4,6.39,8.57,8.2,11.88,Stable,Simulated (based on journal's BBD model),"10.55248/gengpi.4.1223.123318 (simulated, derived design space)"
F0526,11.0108,2.1376,24.0246,3.161,2.0749,2.1811,1.7227,0.0375,3.7271,0.0178,1.869,47.0319,1.0041,2247.3,5.91,8.11,8.7,11.63,Stable,Simulated (based on journal's BBD model),"10.55248/gengpi.4.1223.123318 (simulated, derived design space)"
F0527,11.8106,2.3387,17.5253,2.5129,1.8698,2.1717,2.0443,0.0336,4.2322,0.0205,1.9808,52.5287,0.9309,1999.8,6.51,7.96,9.3,11.95,Needs Evaluation,Simulated (based on journal's BBD model),"10.55248/gengpi.4.1223.123318 (simulated, derived design space)"
F0528,12.37,3.259,24.5574,2.8437,1.8578,1.9304,1.4986,0.0317,3.4025,0.0188,1.7064,45.764,0.7596,2749.6,6.33,9.35,10.2,11.66,Stable,Simulated (based on journal's BBD model),"10.55248/gengpi.4.1223.123318 (simulated, derived design space)"
F0529,10.8075,1.5959,23.6323,2.5693,1.8131,1.5695,1.9468,0.0343,3.7261,0.019,1.6282,49.7351,0.9229,2457.9,5.91,8.42,7.1,11.69,Stable,Simulated (based on journal's BBD model),"10.55248/gengpi.4.1223.123318 (simulated, derived design space)"
F0530,14.2417,2.563,23.5002,2.5472,1.8409,1.6698,1.5789,0.0359,3.951,0.0163,1.7084,45.4717,0.8751,2964.7,6.4,9.32,11.6,11.89,Stable,Simulated (based on journal's BBD model),"10.55248/gengpi.4.1223.123318 (simulated, derived design space)"
F0531,14.1867,3.2752,18.0473,2.6704,2.0762,1.6985,1.6295,0.0405,4.1065,0.0168,2.0638,49.2503,0.9384,2500.8,6.3,8.28,7,12.03,Stable,Simulated (based on journal's BBD model),"10.55248/gengpi.4.1223.123318 (simulated, derived design space)"
F0532,12.3537,2.1173,24.3418,2.8701,1.8026,1.9079,1.5969,0.0304,3.9137,0.0154,1.6259,46.5683,0.8559,2828.2,5.79,8.93,11.2,11.72,Stable,Simulated (based on journal's BBD model),"10.55248/gengpi.4.1223.123318 (simulated, derived design space)"
F0533,13.5957,3.4091,27.5645,2.6559,1.8827,1.9324,2.1609,0.0438,3.5063,0.0203,1.8346,40.582,0.812,2631.4,6.46,8.96,8.2,11.69,Stable,Simulated (based on journal's BBD model),"10.55248/gengpi.4.1223.123318 (simulated, derived design space)"
F0534,12.226,1.1512,22.5516,2.7187,1.9913,1.7927,1.9757,0.0354,4.1437,0.0212,1.7404,48.7934,0.8585,2355.2,6.26,8.06,10.2,11.85,Stable,Simulated (based on journal's BBD model),"10.55248/gengpi.4.1223.123318 (simulated, derived design space)"
F0535,16.3105,2.3131,23.4378,2.73,2.128,2.0313,1.7546,0.0414,3.6746,0.0206,2.057,42.5071,0.9942,2780.6,6.41,8.89,8.8,12.04,Stable,Simulated (based on journal's BBD model),"10.55248/gengpi.4.1223.123318 (simulated, derived design space)"
F0536,11.6981,0.5959,26.2674,2.672,1.7418,1.8206,1.9051,0.0392,3.4125,0.0226,2.1044,46.7861,0.9344,2324,5.76,9.13,10.2,11.77,Stable,Simulated (based on journal's BBD model),"10.55248/gengpi.4.1223.123318 (simulated, derived design space)"
F0537,14.6962,1.2813,19.6487,2.9036,1.827,1.659,1.8377,0.0298,3.7297,0.0173,1.9054,49.4821,0.9821,2717,5.9,8.83,7.3,12.12,Stable,Simulated (based on journal's BBD model),"10.55248/gengpi.4.1223.123318 (simulated, derived design space)"
F0538,14.3762,3.34,18.9752,3.1277,2.0279,2.1189,2.064,0.0346,3.2674,0.0164,1.7367,47.9041,1.0109,2550.5,6.38,8.54,7.9,11.94,Stable,Simulated (based on journal's BBD model),"10.55248/gengpi.4.1223.123318 (simulated, derived design space)"
F0539,13.108,0.6994,20.7525,2.5366,1.9537,1.8511,1.8685,0.0366,4.2542,0.0171,1.8805,50.0904,0.9515,2472.8,5.69,8.45,8.3,12.04,Stable,Simulated (based on journal's BBD model),"10.55248/gengpi.4.1223.123318 (simulated, derived design space)"
F0540,14.505,1.5409,19.4321,2.9651,1.9696,1.7025,2.0666,0.0405,3.5373,0.0193,2.0796,49.1968,0.9447,2367.7,6.06,8.58,9.3,12.1,Stable,Simulated (based on journal's BBD model),"10.55248/gengpi.4.1223.123318 (simulated, derived design space)"
F0541,9.9599,2.0359,26.9626,2.4764,2.1553,2.1328,1.6418,0.0425,3.6048,0.0207,1.8336,46.156,0.9776,2317.3,5.83,8.47,7.1,11.54,Stable,Simulated (based on journal's BBD model),"10.55248/gengpi.4.1223.123318 (simulated, derived design space)"
F0542,13.3022,1.6792,18.6568,2.5933,1.6637,1.9173,2.1983,0.0342,4.387,0.0207,2.0143,50.4708,1.0621,2277.2,6.19,8.19,9.4,12.06,Stable,Simulated (based on journal's BBD model),"10.55248/gengpi.4.1223.123318 (simulated, derived design space)"
F0543,16.0772,0.816,25.3654,2.9242,1.8598,1.8373,1.9997,0.0431,3.8551,0.0212,1.8731,42.4898,0.838,2748.6,6.09,9.12,9.5,12.03,Stable,Simulated (based on journal's BBD model),"10.55248/gengpi.4.1223.123318 (simulated, derived design space)"
F0544,15.7761,0.7648,20.4378,2.7676,2.0074,1.768,1.7618,0.0449,4.3195,0.0179,1.9236,47.3347,1.0759,2478,5.74,8.31,9.6,12.21,Stable,Simulated (based on journal's BBD model),"10.55248/gengpi.4.1223.123318 (simulated, derived design space)"
F0545,11.2832,1.7495,22.3486,2.6651,1.7201,1.8077,1.5955,0.0403,3.3608,0.0161,1.9504,50.4425,1.02,2345.1,6.22,8.14,8.6,11.77,Stable,Simulated (based on journal's BBD model),"10.55248/gengpi.4.1223.123318 (simulated, derived design space)"
F0546,11.9975,3.68,19.2965,3.4423,2.2212,2.1176,2.2684,0.0428,3.6368,0.0197,1.7469,48.4554,1.0749,1907.4,6.57,7.65,6.2,11.7,Needs Evaluation,Simulated (based on journal's BBD model),"10.55248/gengpi.4.1223.123318 (simulated, derived design space)"
F0547,11.35,2.089,21.7571,3.4724,1.9281,2.2949,2.0465,0.0398,4.9461,0.0187,2.1459,46.8235,1.088,1820.7,6,7.45,4.3,11.71,Needs Evaluation,Simulated (based on journal's BBD model),"10.55248/gengpi.4.1223.123318 (simulated, derived design space)"
F0548,13.3809,2.8367,21.2042,2.6807,1.584,1.6292,1.5637,0.0322,3.1933,0.0175,1.773,49.3139,0.7907,2740.8,6.04,9.08,10.8,11.87,Stable,Simulated (based on journal's BBD model),"10.55248/gengpi.4.1223.123318 (simulated, derived design space)"
F0549,12.7085,0.7703,22.7541,3.382,1.8154,1.9236,2.2305,0.0456,4.1447,0.0223,2.0299,47.155,1.0182,2187.7,5.86,8.37,7.3,11.87,Stable,Simulated (based on journal's BBD model),"10.55248/gengpi.4.1223.123318 (simulated, derived design space)"
F0550,11.8851,2.1907,17.2072,2.6644,2.0624,1.9123,1.8539,0.0352,3.5356,0.0182,2.0713,53.64,0.9236,2121.5,6.44,8.21,5.4,11.97,Stable,Simulated (based on journal's BBD model),"10.55248/gengpi.4.1223.123318 (simulated, derived design space)"
F0551,11.3306,2.9914,23.32,3.1351,2.0738,1.7492,2.0365,0.0417,3.6489,0.0172,1.6273,47.1142,0.914,2277.8,6.18,8.18,8.3,11.6,Stable,Simulated (based on journal's BBD model),"10.55248/gengpi.4.1223.123318 (simulated, derived design space)"
F0552,11.9978,2.2697,24.3647,2.7869,1.8925,1.8303,2.1647,0.0439,4.0172,0.0216,2.1754,45.2775,1.1578,2325.4,6.06,8.32,7.8,11.74,Stable,Simulated (based on journal's BBD model),"10.55248/gengpi.4.1223.123318 (simulated, derived design space)"
F0553,11.4389,3.2377,24.3421,3.3519,2.2119,2.1244,2.1749,0.0352,3.8869,0.0214,1.7566,44.2794,1.1386,2132.4,6.45,8.07,8,11.57,Stable,Simulated (based on journal's BBD model),"10.55248/gengpi.4.1223.123318 (simulated, derived design space)"
F0554,12.009,0.6967,28.1495,2.7584,1.7008,1.9238,2.0838,0.0353,3.5903,0.0178,2.2129,43.8355,0.9861,2624.4,6.07,8.93,10.6,11.73,Stable,Simulated (based on journal's BBD model),"10.55248/gengpi.4.1223.123318 (simulated, derived design space)"
F0555,15.7161,1.0661,23.8904,2.5083,1.5862,1.7157,1.912,0.0348,3.5538,0.0202,1.704,45.4494,0.8431,2809.2,5.95,9.71,13.1,12.07,Stable,Simulated (based on journal's BBD model),"10.55248/gengpi.4.1223.123318 (simulated, derived design space)"
F0556,14.759,0.8256,18.7685,2.7438,1.5648,1.6925,1.8376,0.0312,3.3979,0.0184,1.8682,51.5386,0.9539,2484,5.77,8.71,9.9,12.2,Stable,Simulated (based on journal's BBD model),"10.55248/gengpi.4.1223.123318 (simulated, derived design space)"
F0557,10.1179,2.6541,22.6402,2.9865,1.9631,1.9006,2.0991,0.037,3.2384,0.0201,1.6955,49.6058,1.0415,2241.2,5.8,8.59,8.2,11.56,Stable,Simulated (based on journal's BBD model),"10.55248/gengpi.4.1223.123318 (simulated, derived design space)"
F0558,11.9055,2.5657,25.0804,2.9343,1.6888,1.8534,2.0192,0.0369,3.7543,0.0201,1.9466,45.1564,1.0385,2611.4,6.36,8.76,10,11.66,Stable,Simulated (based on journal's BBD model),"10.55248/gengpi.4.1223.123318 (simulated, derived design space)"
F0559,14.5826,3.4326,18.6074,2.7565,1.5292,1.6803,1.9091,0.0332,3.5517,0.0173,1.8043,49.3467,0.7491,2610.6,6.39,8.96,10,12,Stable,Simulated (based on journal's BBD model),"10.55248/gengpi.4.1223.123318 (simulated, derived design space)"
F0560,13.3873,1.5981,18.3553,3.0631,1.8605,2.0888,2.0182,0.0391,3.1481,0.0181,1.6808,51.9085,0.834,2326.6,5.89,8.35,7.4,12.02,Stable,Simulated (based on journal's BBD model),"10.55248/gengpi.4.1223.123318 (simulated, derived design space)"
F0561,14.3968,0.8782,18.1975,2.8078,2.0753,1.9785,1.9014,0.0397,3.7358,0.022,1.6866,51.1929,1.0875,2368.5,6.1,8.13,6.3,12.18,Stable,Simulated (based on journal's BBD model),"10.55248/gengpi.4.1223.123318 (simulated, derived design space)"
F0562,10.5632,3.3254,26.35,3.1733,1.7418,2.1085,2.086,0.0435,3.414,0.017,1.9038,44.2666,1.0069,2154.4,6.4,8.51,8.4,11.47,Stable,Simulated (based on journal's BBD model),"10.55248/gengpi.4.1223.123318 (simulated, derived design space)"
F0563,10.3465,2.5558,22.4854,3.2594,1.7029,1.7545,1.6493,0.0376,3.5847,0.0213,1.9808,49.6522,0.9694,1992.4,6.13,8.24,7.4,11.59,Needs Evaluation,Simulated (based on journal's BBD model),"10.55248/gengpi.4.1223.123318 (simulated, derived design space)"
F0564,10.6869,1.7397,20.5778,3.172,2.2453,2.3716,2.2915,0.0483,3.6934,0.0182,2.2352,49.9329,0.9872,1664.4,5.47,7.53,6.1,11.75,Needs Evaluation,Simulated (based on journal's BBD model),"10.55248/gengpi.4.1223.123318 (simulated, derived design space)"
F0565,13.2224,2.7076,21.2369,2.6035,1.6878,1.7909,2.0116,0.0404,3.939,0.0173,1.9252,47.8841,0.9334,2702.6,6.58,8.43,9,11.89,Needs Evaluation,Simulated (based on journal's BBD model),"10.55248/gengpi.4.1223.123318 (simulated, derived design space)"
F0566,10.2379,2.9637,18.4772,2.4566,2.1513,2.1406,1.6342,0.037,3.4106,0.0187,2.0689,53.4241,0.9792,1735.7,6.38,8.17,7.3,11.75,Needs Evaluation,Simulated (based on journal's BBD model),"10.55248/gengpi.4.1223.123318 (simulated, derived design space)"
F0567,15.1003,2.2237,19.4928,2.505,1.5312,1.949,1.7539,0.0337,3.5299,0.0195,1.5799,49.2848,0.9963,2717.6,6.12,8.74,8,12.1,Stable,Simulated (based on journal's BBD model),"10.55248/gengpi.4.1223.123318 (simulated, derived design space)"
F0568,11.303,1.0701,22.5709,2.659,1.981,1.5346,1.8622,0.0385,3.8483,0.0199,1.9078,50.3569,0.8478,2475.4,5.87,8.57,8.3,11.81,Stable,Simulated (based on journal's BBD model),"10.55248/gengpi.4.1223.123318 (simulated, derived design space)"
F0569,10.0053,0.6108,25.3383,2.2413,1.8769,1.5699,1.9696,0.0392,3.6675,0.0184,1.4927,50.1943,0.9757,2473.5,5.97,8.91,9.5,11.66,Stable,Simulated (based on journal's BBD model),"10.55248/gengpi.4.1223.123318 (simulated, derived design space)"
F0570,11.8596,2.4169,18.4612,3.2503,1.7161,1.7646,1.9569,0.0415,3.9845,0.0177,1.6354,51.7936,1.1017,2212.5,6.14,7.99,7.9,11.81,Stable,Simulated (based on journal's BBD model),"10.55248/gengpi.4.1223.123318 (simulated, derived design space)"
F0571,13.1349,2.0556,21.6192,3.0042,1.8649,1.7483,1.7158,0.0319,3.7924,0.017,1.6548,48.3857,0.9753,2688.4,6.23,8.63,10.2,11.86,Stable,Simulated (based on journal's BBD model),"10.55248/gengpi.4.1223.123318 (simulated, derived design space)"
F0572,12.8775,4.084,22.0564,2.8308,2.0361,1.7966,2.3695,0.0425,4.2149,0.0217,2.0702,44.529,1.0709,2210.5,6.28,8.1,8.2,11.74,Stable,Simulated (based on journal's BBD model),"10.55248/gengpi.4.1223.123318 (simulated, derived design space)"
F0573,11.3375,1.1066,21.6382,3.1905,2.116,1.8588,1.978,0.0411,3.5538,0.0173,2.1993,49.8605,1.1024,2139.5,5.79,8.55,7.8,11.81,Stable,Simulated (based on journal's BBD model),"10.55248/gengpi.4.1223.123318 (simulated, derived design space)"
F0574,14.816,1.773,21.0348,2.9291,1.8095,2.2312,2.0973,0.0369,3.7904,0.0185,2.1733,46.1587,1.1313,2438,6.27,8.36,8.1,12.05,Stable,Simulated (based on journal's BBD model),"10.55248/gengpi.4.1223.123318 (simulated, derived design space)"
F0575,13.0473,2.5716,26.3679,2.4314,1.828,1.7415,1.5189,0.0301,3.1222,0.0184,1.798,44.7673,0.7575,2955.8,6.56,9.48,10.2,11.74,Needs Evaluation,Simulated (based on journal's BBD model),"10.55248/gengpi.4.1223.123318 (simulated, derived design space)"
F0576,15.4067,3.0981,22.9901,3.152,1.8357,2.1188,1.7497,0.0354,3.2863,0.0207,1.8503,43.5837,0.8724,2816.1,5.91,9.38,10.7,11.9,Stable,Simulated (based on journal's BBD model),"10.55248/gengpi.4.1223.123318 (simulated, derived design space)"
F0577,17.2121,1.0205,22.8729,2.8417,1.986,1.9618,1.9984,0.0354,3.9899,0.0183,1.7989,43.1922,1.0718,2575.1,6.08,9.34,12.4,12.17,Stable,Simulated (based on journal's BBD model),"10.55248/gengpi.4.1223.123318 (simulated, derived design space)"
F0578,14.1681,1.9752,23.1724,3.2178,2.0555,2.2743,2.2901,0.0371,3.6681,0.0214,1.936,44.0345,1.1494,2546.5,5.95,8.7,8.5,11.89,Stable,Simulated (based on journal's BBD model),"10.55248/gengpi.4.1223.123318 (simulated, derived design space)"
F0579,14.2011,1.1877,21.7125,2.8455,1.7997,1.8271,2.1779,0.0361,3.4416,0.0208,2.2906,47.5719,0.8875,2472.7,6.04,8.64,10.4,12.04,Stable,Simulated (based on journal's BBD model),"10.55248/gengpi.4.1223.123318 (simulated, derived design space)"
F0580,13.0275,2.5413,19.8682,3.2891,2.2215,2.3713,1.9314,0.0356,4.2189,0.0221,2.2623,47.2448,0.9661,2169.6,6.15,7.59,7,11.89,Stable,Simulated (based on journal's BBD model),"10.55248/gengpi.4.1223.123318 (simulated, derived design space)"
F0581,13.7813,2.1635,22.9263,2.3949,1.8481,1.5673,1.7042,0.0307,3.3373,0.0159,1.5633,47.9123,0.7548,2927.6,6.22,9.36,11.1,11.9,Stable,Simulated (based on journal's BBD model),"10.55248/gengpi.4.1223.123318 (simulated, derived design space)"
F0582,14.0368,3.576,19.0428,3.1692,2.1119,2.1053,2.2695,0.044,3.4567,0.0199,1.9423,47.2384,0.9872,2168.2,6.39,7.94,7.7,11.91,Stable,Simulated (based on journal's BBD model),"10.55248/gengpi.4.1223.123318 (simulated, derived design space)"
F0583,14.9353,3.4101,22.2441,2.9267,1.9386,1.9178,2.2471,0.0438,3.5179,0.0176,1.9496,43.8195,1.032,2498.6,6.34,8.62,11.2,11.9,Stable,Simulated (based on journal's BBD model),"10.55248/gengpi.4.1223.123318 (simulated, derived design space)"
F0584,15.2658,3.0589,19.1047,2.2188,1.8903,1.924,1.8775,0.0304,3.9372,0.0159,1.8279,48.06,0.7885,2722.8,6.53,8.84,11.7,12.11,Needs Evaluation,Simulated (based on journal's BBD model),"10.55248/gengpi.4.1223.123318 (simulated, derived design space)"
F0585,13.3998,1.3182,25.6569,2.6384,1.9695,1.7953,2.2038,0.0333,3.5282,0.0179,1.8888,44.583,0.9669,2721.4,5.8,8.96,10.2,11.85,Stable,Simulated (based on journal's BBD model),"10.55248/gengpi.4.1223.123318 (simulated, derived design space)"
F0586,13.3704,1.0023,23.5877,2.3858,1.6767,1.6423,1.9045,0.0305,3.5066,0.0153,1.8251,48.21,0.8429,2841.4,5.58,9.32,14.3,11.95,Stable,Simulated (based on journal's BBD model),"10.55248/gengpi.4.1223.123318 (simulated, derived design space)"
F0587,13.4461,2.7058,17.7263,3.0235,1.803,1.6027,1.9964,0.0354,3.2363,0.0191,2.0483,51.3114,1.0455,2387.1,6.53,8.53,6.9,11.99,Needs Evaluation,Simulated (based on journal's BBD model),"10.55248/gengpi.4.1223.123318 (simulated, derived design space)"
F0588,12.7524,1.581,24.7772,2.5786,1.6993,1.9738,1.7141,0.031,3.4483,0.0188,1.8601,46.6531,0.9123,2890.7,6.03,9.34,11.3,11.81,Stable,Simulated (based on journal's BBD model),"10.55248/gengpi.4.1223.123318 (simulated, derived design space)"
F0589,9.8761,3.5029,25.4152,2.9993,1.9959,1.8109,1.8671,0.0363,3.0955,0.0192,1.7914,46.6952,0.895,2198.4,6.23,8.48,8,11.44,Stable,Simulated (based on journal's BBD model),"10.55248/gengpi.4.1223.123318 (simulated, derived design space)"
F0590,10.7125,3.6199,18.3746,2.5864,1.9029,1.9138,1.6602,0.0403,4.0221,0.0171,1.7351,52.3984,1.0168,1898.8,6.69,7.9,4.5,11.71,Needs Evaluation,Simulated (based on journal's BBD model),"10.55248/gengpi.4.1223.123318 (simulated, derived design space)"
F0591,11.7201,2.1648,25.6965,2.8993,2.2102,2.2466,1.9305,0.0449,3.592,0.0224,1.8261,44.584,1.0626,2298.1,5.82,8.7,8.3,11.66,Stable,Simulated (based on journal's BBD model),"10.55248/gengpi.4.1223.123318 (simulated, derived design space)"
F0592,13.2978,2.0415,21.0142,3.0139,2.0468,2.1,2.1683,0.0353,4.044,0.0184,1.9998,47.1301,1.0901,2588.4,5.99,8.44,7,11.91,Stable,Simulated (based on journal's BBD model),"10.55248/gengpi.4.1223.123318 (simulated, derived design space)"
F0593,9.8199,2.3014,23.2509,2.921,2.2075,2.1713,1.7365,0.0371,3.7772,0.0185,2.1058,48.6656,0.9872,1982.4,6.2,8.33,7.3,11.58,Needs Evaluation,Simulated (based on journal's BBD model),"10.55248/gengpi.4.1223.123318 (simulated, derived design space)"
F0594,14.6085,1.7355,20.1521,3.2379,2.0729,2.0053,2.2934,0.0468,4.0019,0.0187,2.3936,46.2078,1.2255,2327.4,5.93,7.77,5.9,12.06,Stable,Simulated (based on journal's BBD model),"10.55248/gengpi.4.1223.123318 (simulated, derived design space)"
F0595,14.1488,1.1077,23.1204,2.9263,1.7844,1.6346,1.6358,0.0326,4.0716,0.018,2.0684,46.5152,0.9364,2658.6,5.81,9.19,10.3,11.98,Stable,Simulated (based on journal's BBD model),"10.55248/gengpi.4.1223.123318 (simulated, derived design space)"
F0596,12.9353,1.5325,20.8687,2.8042,1.7874,1.8551,1.8143,0.0384,3.8023,0.0181,1.8866,49.7801,0.8771,2573.4,5.9,8.96,10.2,11.94,Stable,Simulated (based on journal's BBD model),"10.55248/gengpi.4.1223.123318 (simulated, derived design space)"
F0597,15.4979,0.6373,24.4003,2.9237,2.0546,1.5668,1.8613,0.0354,3.4336,0.0159,1.8427,44.9336,0.7971,2833.9,5.88,9.59,12.2,12.04,Stable,Simulated (based on journal's BBD model),"10.55248/gengpi.4.1223.123318 (simulated, derived design space)"
F0598,12.5999,3.6449,26.94,2.6734,1.7042,1.8614,1.8423,0.0388,3.8913,0.0204,1.9038,41.8285,1.0511,2604.5,6.41,8.96,9.9,11.63,Stable,Simulated (based on journal's BBD model),"10.55248/gengpi.4.1223.123318 (simulated, derived design space)"
F0599,13.8846,1.7154,24.0816,2.5462,1.7172,1.824,1.5519,0.0316,3.7079,0.0185,1.8889,46.2982,0.734,3100.9,6.1,9.37,11.6,11.91,Needs Evaluation,Simulated (based on journal's BBD model),"10.55248/gengpi.4.1223.123318 (simulated, derived design space)"
F0600,13.1146,2.1822,19.8671,2.3788,2.0333,1.9826,1.621,0.0394,3.7724,0.0177,1.6835,50.3438,0.9634,2594.2,6.16,8.98,9.1,11.96,Stable,Simulated (based on journal's BBD model),"10.55248/gengpi.4.1223.123318 (simulated, derived design space)"
F0601,10.5885,1.1996,23.7774,3.0897,1.7806,1.6728,1.9154,0.0408,3.9403,0.0204,1.8537,49.303,0.8178,2247.7,6.09,8.33,8.1,11.66,Stable,Simulated (based on journal's BBD model),"10.55248/gengpi.4.1223.123318 (simulated, derived design space)"
F0602,16.9805,1.0565,20.0571,2.8695,1.8729,2.0672,2.2398,0.0455,4.1809,0.022,2.0135,45.5878,1.0066,2520.2,5.82,8.96,8.7,12.27,Stable,Simulated (based on journal's BBD model),"10.55248/gengpi.4.1223.123318 (simulated, derived design space)"
F0603,12.9148,3.8629,23.3319,3.2302,2.1509,1.8597,2.0435,0.0447,3.971,0.0227,1.829,43.621,1.1177,2319.1,6.48,8.58,9.2,11.68,Stable,Simulated (based on journal's BBD model),"10.55248/gengpi.4.1223.123318 (simulated, derived design space)"
F0604,12.9535,1.6912,26.0036,2.6159,1.8009,1.7514,1.8148,0.0353,3.0775,0.0198,1.7505,45.6918,0.7937,2927.7,6.03,9.08,10.5,11.78,Stable,Simulated (based on journal's BBD model),"10.55248/gengpi.4.1223.123318 (simulated, derived design space)"
F0605,11.5548,1.2086,18.0399,3.2218,2.2094,2.0539,1.8002,0.0372,3.9432,0.0226,1.8354,53.0983,0.9749,1859,6.11,7.77,5.3,11.91,Needs Evaluation,Simulated (based on journal's BBD model),"10.55248/gengpi.4.1223.123318 (simulated, derived design space)"
F0606,10.9281,3.9865,21.0508,3.4654,2.2647,2.3632,2.0586,0.0443,3.9839,0.0188,2.0369,46.6129,1.186,1647.3,6.5,7.99,9.4,11.58,Needs Evaluation,Simulated (based on journal's BBD model),"10.55248/gengpi.4.1223.123318 (simulated, derived design space)"
F0607,14.8295,0.9646,23.9057,2.7226,2.1948,2.0912,2.2136,0.0334,3.6277,0.0176,1.6545,44.7234,1.0214,2583.1,5.96,8.87,10.5,12,Stable,Simulated (based on journal's BBD model),"10.55248/gengpi.4.1223.123318 (simulated, derived design space)"
F0608,12.1184,1.7191,21.6161,2.4955,1.9162,1.767,2.0368,0.0397,3.8064,0.0177,1.6818,49.8681,0.9173,2439.9,6.15,8.38,7.6,11.85,Stable,Simulated (based on journal's BBD model),"10.55248/gengpi.4.1223.123318 (simulated, derived design space)"
F0609,11.1309,2.249,22.0311,2.8897,2.0944,2.0891,1.8539,0.0322,3.68,0.0194,1.9141,49.1732,0.8431,2292.9,5.99,8.14,8.8,11.71,Stable,Simulated (based on journal's BBD model),"10.55248/gengpi.4.1223.123318 (simulated, derived design space)"
F0610,14.9038,0.725,21.7621,3.027,1.7453,2.0695,1.9757,0.039,3.6351,0.0189,1.9566,47.1347,1.0071,2559.6,6.05,8.43,7.5,12.08,Stable,Simulated (based on journal's BBD model),"10.55248/gengpi.4.1223.123318 (simulated, derived design space)"
F0611,14.6985,1.158,26.5225,2.6984,2.0225,1.9091,1.9176,0.0315,3.2932,0.0153,1.9142,42.8431,0.9761,2954.5,5.9,9.65,12,11.91,Stable,Simulated (based on journal's BBD model),"10.55248/gengpi.4.1223.123318 (simulated, derived design space)"
F0612,12.704,1.9853,22.1443,3.2314,1.755,1.9073,2.1984,0.0347,4.5226,0.0229,1.75,46.7843,0.96,2434.1,6.32,8.46,9.2,11.8,Stable,Simulated (based on journal's BBD model),"10.55248/gengpi.4.1223.123318 (simulated, derived design space)"
F0613,10.7399,3.3689,25.9742,3.0124,2.1922,2.0807,1.7871,0.0384,3.9184,0.017,2.2304,43.6007,1.0395,2153.1,6,8.47,8.7,11.53,Stable,Simulated (based on journal's BBD model),"10.55248/gengpi.4.1223.123318 (simulated, derived design space)"
F0614,10.3595,1.7329,19.8873,2.8379,2.1524,1.9306,2.1091,0.0395,3.7483,0.0209,1.872,52.4246,0.8851,2013,5.6,8.26,7.9,11.75,Stable,Simulated (based on journal's BBD model),"10.55248/gengpi.4.1223.123318 (simulated, derived design space)"
F0615,14.1367,3.107,20.1281,2.8742,2.002,1.6774,2.0615,0.0389,4.2762,0.0179,1.6625,47.1926,0.825,2625.3,6.25,8.55,8.6,11.92,Stable,Simulated (based on journal's BBD model),"10.55248/gengpi.4.1223.123318 (simulated, derived design space)"
F0616,14.4226,2.4938,20.5791,3.2444,1.8127,1.8969,1.9512,0.0339,4.3512,0.0185,1.6837,46.52,0.9919,2567.3,6.2,8.93,9.7,11.93,Stable,Simulated (based on journal's BBD model),"10.55248/gengpi.4.1223.123318 (simulated, derived design space)"
F0617,15.3263,0.807,26.1699,2.4375,2.0375,1.7744,1.914,0.0332,3.2214,0.0169,1.645,43.6871,0.9298,2904.1,6.06,9.62,13.8,11.99,Stable,Simulated (based on journal's BBD model),"10.55248/gengpi.4.1223.123318 (simulated, derived design space)"
F0618,13.4575,2.2381,23.2564,3.3486,1.8606,1.7244,2.1165,0.0369,4.523,0.0224,1.7675,44.6374,1.0108,2510.9,6.25,8.16,9.2,11.8,Stable,Simulated (based on journal's BBD model),"10.55248/gengpi.4.1223.123318 (simulated, derived design space)"
F0619,11.3848,0.6201,24.4003,2.479,1.9887,1.7641,1.8491,0.0402,4.0089,0.0174,1.6495,48.9124,0.8855,2500.7,5.59,8.8,10.7,11.78,Stable,Simulated (based on journal's BBD model),"10.55248/gengpi.4.1223.123318 (simulated, derived design space)"
F0620,11.1814,1.5617,23.2903,2.3167,2.0097,1.6323,2.0474,0.0321,3.851,0.0163,1.5566,49.5185,0.986,2479.8,6.24,9.06,10.5,11.75,Stable,Simulated (based on journal's BBD model),"10.55248/gengpi.4.1223.123318 (simulated, derived design space)"
F0621,11.2571,2.1403,21.4205,2.5791,2.0094,1.6179,1.6091,0.0368,3.7663,0.0163,1.7392,50.9773,0.8308,2446.8,6.27,8.75,9.3,11.76,Stable,Simulated (based on journal's BBD model),"10.55248/gengpi.4.1223.123318 (simulated, derived design space)"
F0622,13.9056,1.8872,21.7265,2.7765,1.7983,1.9487,1.6747,0.0329,3.1993,0.0151,1.51,48.6035,0.9218,2880.4,6.12,9.18,12,11.93,Stable,Simulated (based on journal's BBD model),"10.55248/gengpi.4.1223.123318 (simulated, derived design space)"
F0623,14.0582,1.5101,24.1333,2.6344,1.5367,1.6893,1.6739,0.0295,3.4057,0.0157,1.4349,47.0143,0.8639,3063.3,6.09,9.53,9.4,11.89,Needs Evaluation,Simulated (based on journal's BBD model),"10.55248/gengpi.4.1223.123318 (simulated, derived design space)"
F0624,13.5503,3.3993,18.5092,2.9355,1.9829,1.849,1.9867,0.0341,3.9963,0.0187,1.5174,49.3452,0.8754,2414.6,6.46,9.04,9,11.89,Stable,Simulated (based on journal's BBD model),"10.55248/gengpi.4.1223.123318 (simulated, derived design space)"
F0625,15.275,0.5988,19.5192,2.3416,1.7885,1.9606,1.9994,0.0416,3.7893,0.017,2.0684,49.6625,0.938,2515.9,5.67,8.78,11,12.28,Stable,Simulated (based on journal's BBD model),"10.55248/gengpi.4.1223.123318 (simulated, derived design space)"
F0626,14.7811,0.6936,21.3064,2.7443,1.6943,1.6131,1.6754,0.0394,4.1063,0.0216,1.7957,48.4641,1.0647,2515.5,5.79,8.82,9.8,12.11,Stable,Simulated (based on journal's BBD model),"10.55248/gengpi.4.1223.123318 (simulated, derived design space)"
F0627,17.4571,3.4775,19.0186,2.7203,1.7875,1.9647,2.0729,0.0417,3.8461,0.0232,1.9855,44.6331,0.9716,2538,6.31,7.91,6.3,12.18,Stable,Simulated (based on journal's BBD model),"10.55248/gengpi.4.1223.123318 (simulated, derived design space)"
F0628,14.3157,3.448,18.9868,2.5023,1.7909,1.843,1.6736,0.0388,3.5216,0.017,1.8058,49.1152,0.9412,2587.7,6.16,8.71,9,11.99,Stable,Simulated (based on journal's BBD model),"10.55248/gengpi.4.1223.123318 (simulated, derived design space)"
F0629,13.7568,3.0062,23.6102,3.0336,1.6432,1.9619,1.9046,0.0338,3.7748,0.0155,1.9166,44.5158,0.8268,2918.3,6.72,9.36,9.4,11.8,Needs Evaluation,Simulated (based on journal's BBD model),"10.55248/gengpi.4.1223.123318 (simulated, derived design space)"
F0630,14.587,3.2204,20.8743,2.7681,1.6836,1.8414,1.563,0.033,3.5678,0.0147,1.8293,47.1861,0.8315,2752.4,6.35,9.26,12,11.94,Stable,Simulated (based on journal's BBD model),"10.55248/gengpi.4.1223.123318 (simulated, derived design space)"
F0631,11.4118,2.6357,22.4382,2.4434,1.7092,2.0301,1.9149,0.0415,3.9155,0.0205,1.6582,49.0051,0.7758,2546.8,6.4,8.5,8.2,11.71,Stable,Simulated (based on journal's BBD model),"10.55248/gengpi.4.1223.123318 (simulated, derived design space)"
F0632,16.07,0.6451,24.165,2.7503,1.8609,2.0994,1.8003,0.0433,3.4514,0.02,2.0078,44.182,0.9044,2745,5.9,9.19,8.6,12.11,Stable,Simulated (based on journal's BBD model),"10.55248/gengpi.4.1223.123318 (simulated, derived design space)"
F0633,9.5645,1.1938,21.7204,2.3948,2.0107,1.9422,2.0656,0.0386,4.1276,0.0185,1.8778,52.0952,0.9503,2088.5,5.71,8.66,10.1,11.71,Stable,Simulated (based on journal's BBD model),"10.55248/gengpi.4.1223.123318 (simulated, derived design space)"
F0634,15.2629,2.691,20.028,2.7618,2.0925,1.7936,1.8766,0.0444,3.8282,0.0201,2.286,46.3389,0.976,2527.7,6.11,8.69,10,12.08,Stable,Simulated (based on journal's BBD model),"10.55248/gengpi.4.1223.123318 (simulated, derived design space)"
F0635,10.5204,1.965,20.3205,3.29,2.1629,1.7809,2.2715,0.0382,4.0424,0.0217,2.0195,50.67,0.8971,1739.7,6.03,8.16,8.4,11.7,Needs Evaluation,Simulated (based on journal's BBD model),"10.55248/gengpi.4.1223.123318 (simulated, derived design space)"
F0636,11.9062,2.658,26.0676,2.4814,1.7466,1.9365,1.8371,0.0314,3.6934,0.0161,1.784,44.852,0.9896,2748.3,6.33,8.71,8.9,11.66,Stable,Simulated (based on journal's BBD model),"10.55248/gengpi.4.1223.123318 (simulated, derived design space)"
F0637,10.7182,1.9309,19.0887,3.0604,1.8712,1.8015,1.8071,0.0417,3.8322,0.0201,2.1103,52.8234,0.8943,2017.4,5.91,8.21,6.7,11.79,Stable,Simulated (based on journal's BBD model),"10.55248/gengpi.4.1223.123318 (simulated, derived design space)"
F0638,11.8182,2.5517,22.1312,3.0486,2.1284,2.0024,1.7342,0.043,3.537,0.017,1.6689,48.4782,0.8412,2296.1,6.33,8.33,6.4,11.71,Stable,Simulated (based on journal's BBD model),"10.55248/gengpi.4.1223.123318 (simulated, derived design space)"
F0639,14.9568,2.8844,19.1323,2.5065,2.062,1.5423,2.0153,0.0329,4.104,0.0172,1.7768,48.0409,0.9284,2512.5,6.37,8.78,9.2,12.07,Stable,Simulated (based on journal's BBD model),"10.55248/gengpi.4.1223.123318 (simulated, derived design space)"
F0640,10.8019,2.7934,20.0983,2.8723,1.777,1.9827,1.7292,0.0335,3.3822,0.0222,1.7445,51.9123,0.8505,1886.8,6.34,8.03,7.1,11.69,Needs Evaluation,Simulated (based on journal's BBD model),"10.55248/gengpi.4.1223.123318 (simulated, derived design space)"
F0641,16.0456,2.9705,23.0514,2.7044,1.7488,2.0728,1.8841,0.0374,3.3613,0.0158,2.0717,43.138,0.8981,2877.5,6.04,8.99,10.8,12,Stable,Simulated (based on journal's BBD model),"10.55248/gengpi.4.1223.123318 (simulated, derived design space)"
F0642,11.5051,3.5456,23.0007,2.9289,1.8144,1.9432,2.2384,0.0386,4.5734,0.0228,1.7993,45.4729,1.1165,1971.4,6.26,8.42,8.7,11.62,Needs Evaluation,Simulated (based on journal's BBD model),"10.55248/gengpi.4.1223.123318 (simulated, derived design space)"
F0643,9.4755,3.2517,23.5172,2.682,1.8817,1.704,1.8761,0.0335,3.2149,0.0186,1.6992,49.8143,0.8313,2087,6.5,8.77,9.3,11.48,Stable,Simulated (based on journal's BBD model),"10.55248/gengpi.4.1223.123318 (simulated, derived design space)"
F0644,13.6618,3.1446,23.7092,2.7673,1.8277,1.964,2.1629,0.0414,4.2453,0.0188,1.9978,43.359,1.1002,2506,6.51,8.57,10.5,11.81,Needs Evaluation,Simulated (based on journal's BBD model),"10.55248/gengpi.4.1223.123318 (simulated, derived design space)"
F0645,14.4543,1.2973,24.0834,2.8098,1.679,1.7974,1.5856,0.035,3.952,0.0173,1.9538,45.5306,0.8047,3039.8,5.8,9.24,10.6,11.96,Needs Evaluation,Simulated (based on journal's BBD model),"10.55248/gengpi.4.1223.123318 (simulated, derived design space)"
F0646,12.585,0.7998,18.108,2.7601,1.7775,2.1287,1.8173,0.0407,3.8097,0.02,1.7519,53.449,0.9524,2290.8,5.94,8.04,6.4,12.06,Stable,Simulated (based on journal's BBD model),"10.55248/gengpi.4.1223.123318 (simulated, derived design space)"
F0647,9.7049,2.1373,19.5925,3.0041,2.2064,1.9084,2.1127,0.0387,3.8532,0.0218,2.1547,52.3598,0.9055,1773.6,5.95,7.57,4,11.68,Needs Evaluation,Simulated (based on journal's BBD model),"10.55248/gengpi.4.1223.123318 (simulated, derived design space)"
F0648,15.5013,3.3943,21.3864,2.3885,2.0637,1.6798,1.9297,0.0319,3.6111,0.0213,1.6387,45.4764,0.877,2683.3,6.18,8.8,10.8,11.99,Stable,Simulated (based on journal's BBD model),"10.55248/gengpi.4.1223.123318 (simulated, derived design space)"
F0649,15.7418,0.726,20.0662,3.2429,1.8708,2.2671,1.7764,0.0375,4.7075,0.0201,2.1722,46.3141,1.0575,2460.5,5.93,8.19,8.8,12.19,Stable,Simulated (based on journal's BBD model),"10.55248/gengpi.4.1223.123318 (simulated, derived design space)"
F0650,12.5172,2.3826,23.7888,2.5763,1.8534,1.8195,1.8524,0.0412,3.7982,0.0216,1.791,46.5212,1.0367,2651.4,6.14,9.09,9.8,11.77,Stable,Simulated (based on journal's BBD model),"10.55248/gengpi.4.1223.123318 (simulated, derived design space)"
F0651,11.9199,3.9169,21.2616,3.2784,2.0632,1.8661,1.9852,0.0432,4.3699,0.0176,1.8653,46.5676,0.8452,2096.4,6.7,8.48,7.8,11.65,Needs Evaluation,Simulated (based on journal's BBD model),"10.55248/gengpi.4.1223.123318 (simulated, derived design space)"
F0652,15.5231,1.9399,20.3502,3.2948,2.2866,2.182,1.7678,0.0378,3.5997,0.0211,2.2258,45.6329,1.1383,2504.8,6.29,8.76,9.1,12.08,Stable,Simulated (based on journal's BBD model),"10.55248/gengpi.4.1223.123318 (simulated, derived design space)"
F0653,14.6506,1.9718,21.3425,2.707,1.8682,1.5057,1.8566,0.0338,3.3469,0.0166,1.7033,48.1353,0.8616,2879.7,6.36,9.29,12.8,12.01,Stable,Simulated (based on journal's BBD model),"10.55248/gengpi.4.1223.123318 (simulated, derived design space)"
F0654,13.9634,3.3923,26.7945,2.5583,2.1247,1.8739,1.7814,0.0427,3.7686,0.021,1.787,40.9316,0.9605,2763.1,6.28,9.13,8.8,11.74,Stable,Simulated (based on journal's BBD model),"10.55248/gengpi.4.1223.123318 (simulated, derived design space)"
F0655,9.8239,1.4462,25.145,2.4673,1.918,2.0669,1.936,0.0402,3.2428,0.017,2.0543,48.8855,0.9569,2363.1,5.92,8.43,10.5,11.62,Stable,Simulated (based on journal's BBD model),"10.55248/gengpi.4.1223.123318 (simulated, derived design space)"
F0656,15.0781,1.5281,18.8776,2.9243,1.9097,1.7613,1.5592,0.0321,3.6713,0.0169,1.9305,49.7538,0.9571,2605.7,5.88,9.04,9.8,12.15,Stable,Simulated (based on journal's BBD model),"10.55248/gengpi.4.1223.123318 (simulated, derived design space)"
F0657,10.134,1.8866,28.4685,2.7292,1.8002,2.2523,1.6928,0.0429,3.7365,0.017,2.2215,44.0161,1.0024,2232.2,5.63,8.67,8.9,11.53,Stable,Simulated (based on journal's BBD model),"10.55248/gengpi.4.1223.123318 (simulated, derived design space)"
F0658,11.1393,3.1368,24.144,2.6658,1.8618,1.5789,1.6097,0.0345,3.4622,0.0166,1.6194,47.8161,0.915,2638.9,6.29,9.42,11.2,11.6,Stable,Simulated (based on journal's BBD model),"10.55248/gengpi.4.1223.123318 (simulated, derived design space)"
F0659,11.9566,1.8375,16.9735,3.0623,1.7866,1.9104,1.627,0.0337,4.1669,0.0193,2.1174,53.6122,0.8968,2142.8,6.21,8.15,8.2,11.97,Stable,Simulated (based on journal's BBD model),"10.55248/gengpi.4.1223.123318 (simulated, derived design space)"
F0660,12.0573,2.3964,26.2846,2.9755,1.608,1.7857,1.6774,0.0345,4.2122,0.0162,1.7199,44.2605,0.9718,2657.9,6.07,8.59,8.2,11.63,Stable,Simulated (based on journal's BBD model),"10.55248/gengpi.4.1223.123318 (simulated, derived design space)"
F0661,11.9871,1.3013,25.1121,2.5372,1.4836,1.8276,1.6222,0.0358,3.1938,0.0175,1.8496,48.2386,0.7937,2735.4,5.79,9.07,10.4,11.77,Stable,Simulated (based on journal's BBD model),"10.55248/gengpi.4.1223.123318 (simulated, derived design space)"
F0662,12.6004,1.0903,25.3027,3.3607,2.2685,1.9004,2.0329,0.0437,3.4954,0.0209,1.9203,45.0056,0.9583,2472.2,5.75,8.73,8.1,11.76,Stable,Simulated (based on journal's BBD model),"10.55248/gengpi.4.1223.123318 (simulated, derived design space)"
F0663,11.0114,3.5536,24.0145,3.0769,2.0496,1.9539,1.8226,0.0431,3.5663,0.0177,2.1344,45.8103,0.9457,1941.4,6.49,7.75,7.8,11.57,Needs Evaluation,Simulated (based on journal's BBD model),"10.55248/gengpi.4.1223.123318 (simulated, derived design space)"
F0664,14.99,2.9948,21.2769,2.8091,1.9414,1.8639,2.266,0.0433,3.5584,0.0168,1.7069,45.6578,0.8746,2572,6.15,8.79,10.3,11.96,Stable,Simulated (based on journal's BBD model),"10.55248/gengpi.4.1223.123318 (simulated, derived design space)"
F0665,11.7864,2.0785,24.7642,2.9525,2.0062,1.7915,1.8907,0.0316,3.6431,0.0165,1.75,46.4606,0.8282,2664.9,5.98,8.86,9.3,11.68,Stable,Simulated (based on journal's BBD model),"10.55248/gengpi.4.1223.123318 (simulated, derived design space)"
F0666,13.0962,3.2065,23.829,2.5678,1.8571,1.9409,1.9482,0.0383,4.0525,0.0203,1.8666,44.6261,0.9504,2679.6,6.34,9.13,8.9,11.77,Stable,Simulated (based on journal's BBD model),"10.55248/gengpi.4.1223.123318 (simulated, derived design space)"
F0667,11.7936,2.072,21.4593,3.0679,2.0516,2.448,2.4491,0.0377,4.5542,0.0185,1.832,47.001,1.2152,1932.8,6.58,7.88,7.3,11.77,Needs Evaluation,Simulated (based on journal's BBD model),"10.55248/gengpi.4.1223.123318 (simulated, derived design space)"
F0668,11.9914,3.2314,22.118,3.4427,2.1329,1.9983,2.2143,0.0446,3.8182,0.0194,2.3036,45.8065,0.8787,2100.8,6.28,8.51,8.7,11.7,Stable,Simulated (based on journal's BBD model),"10.55248/gengpi.4.1223.123318 (simulated, derived design space)"
F0669,14.2415,0.9386,25.0219,3.2451,1.753,1.8005,1.7045,0.0411,4.4565,0.021,2.2854,43.372,1.119,2676.3,5.95,8.66,10.7,11.92,Stable,Simulated (based on journal's BBD model),"10.55248/gengpi.4.1223.123318 (simulated, derived design space)"
F0670,11.4204,2.5099,23.2176,3.4001,2.2454,2.3407,1.7807,0.0455,4.7163,0.0226,1.8528,45.5557,0.8922,2123.8,6.13,8.48,8.7,11.64,Stable,Simulated (based on journal's BBD model),"10.55248/gengpi.4.1223.123318 (simulated, derived design space)"
F0671,12.3685,2.6613,27.2749,3.3162,2.1324,1.9117,2.0338,0.0433,3.8983,0.0179,1.761,41.5393,1.0413,2580.4,6.29,8.82,7.7,11.6,Stable,Simulated (based on journal's BBD model),"10.55248/gengpi.4.1223.123318 (simulated, derived design space)"
F0672,14.0091,3.0751,19.8364,2.8282,2.1247,2.0213,1.995,0.037,4.755,0.0225,1.884,46.1977,1.214,2317,6.46,7.9,7.6,11.94,Stable,Simulated (based on journal's BBD model),"10.55248/gengpi.4.1223.123318 (simulated, derived design space)"
F0673,14.0599,1.9262,20.0502,2.2163,1.9531,1.7852,1.5774,0.039,3.8942,0.0199,1.9259,49.7534,0.7995,2742.7,6.1,8.89,9.6,12.08,Stable,Simulated (based on journal's BBD model),"10.55248/gengpi.4.1223.123318 (simulated, derived design space)"
F0674,16.0471,1.4454,25.598,2.2977,1.5409,1.781,1.6584,0.038,3.6697,0.0157,1.6173,43.4758,0.8149,3043.6,6.01,9.4,10.4,12.02,Needs Evaluation,Simulated (based on journal's BBD model),"10.55248/gengpi.4.1223.123318 (simulated, derived design space)"
F0675,11.4033,1.1039,22.192,3.5332,2.397,2.3342,2.0203,0.0396,4.315,0.0227,2.4408,47.2786,0.9193,1958,6,8.21,8.6,11.79,Needs Evaluation,Simulated (based on journal's BBD model),"10.55248/gengpi.4.1223.123318 (simulated, derived design space)"
F0676,15.8169,2.0968,25.9838,3.0688,1.981,1.6917,1.6306,0.0364,3.5376,0.02,1.5788,41.5928,0.9648,2999.1,6.46,9.45,10,11.89,Stable,Simulated (based on journal's BBD model),"10.55248/gengpi.4.1223.123318 (simulated, derived design space)"
F0677,10.6813,3.3433,22.1595,3.2004,1.8781,1.7684,1.6926,0.0323,3.8293,0.0167,1.8348,48.6788,0.8844,2018.6,6.4,8.42,8.2,11.57,Stable,Simulated (based on journal's BBD model),"10.55248/gengpi.4.1223.123318 (simulated, derived design space)"
F0678,11.5895,2.6115,17.5294,2.5592,2.0009,1.865,2.0865,0.0362,4.1084,0.0182,2.1149,52.6033,0.8771,2063.9,6.51,8.14,5.5,11.92,Needs Evaluation,Simulated (based on journal's BBD model),"10.55248/gengpi.4.1223.123318 (simulated, derived design space)"
F0679,15.2017,3.5319,21.0105,2.3511,1.9404,1.8408,1.7773,0.034,3.6136,0.0172,1.9447,45.7319,1.0048,2704.4,6.56,8.55,10,12,Needs Evaluation,Simulated (based on journal's BBD model),"10.55248/gengpi.4.1223.123318 (simulated, derived design space)"
F0680,11.6671,2.7228,22.3162,3.3135,1.9741,2.1381,1.7592,0.0388,4.5847,0.0219,1.7979,46.7159,0.9499,2200.4,6.21,8.52,10.4,11.67,Stable,Simulated (based on journal's BBD model),"10.55248/gengpi.4.1223.123318 (simulated, derived design space)"
F0681,14.6735,1.8567,17.3436,2.7217,2.0216,1.9365,1.8221,0.0372,4.02,0.0174,1.69,50.8727,0.9871,2427.5,5.94,8.41,8,12.16,Stable,Simulated (based on journal's BBD model),"10.55248/gengpi.4.1223.123318 (simulated, derived design space)"
F0682,16.4532,1.8395,26.5522,2.5341,1.8898,1.597,2.0107,0.0382,3.8665,0.0161,1.7016,40.6286,0.8725,3112.6,6.27,9.69,14.7,11.98,Needs Evaluation,Simulated (based on journal's BBD model),"10.55248/gengpi.4.1223.123318 (simulated, derived design space)"
F0683,12.6738,1.4888,20.4341,3.4473,2.1531,1.8847,1.8789,0.0463,4.4637,0.0218,2.0222,48.2954,1.1898,2192.8,6.07,7.92,7.4,11.89,Stable,Simulated (based on journal's BBD model),"10.55248/gengpi.4.1223.123318 (simulated, derived design space)"
F0684,11.8272,1.9593,19.3333,2.5323,2.0389,1.7779,2.0947,0.0439,3.3369,0.019,2.0844,51.9221,1.0301,2083.6,6.16,7.99,7.1,11.92,Stable,Simulated (based on journal's BBD model),"10.55248/gengpi.4.1223.123318 (simulated, derived design space)"
F0685,12.4307,3.6825,20.9131,3.3885,2.0706,1.9484,2.0369,0.0367,3.673,0.0174,1.7418,46.9978,1.0626,2186.9,6.45,8.07,8.4,11.7,Stable,Simulated (based on journal's BBD model),"10.55248/gengpi.4.1223.123318 (simulated, derived design space)"
F0686,17.5934,2.8634,19.9959,2.9607,2.0781,1.7079,1.6999,0.0354,3.6824,0.0195,1.9819,44.335,1.0465,2646,6.13,8.33,7.7,12.17,Stable,Simulated (based on journal's BBD model),"10.55248/gengpi.4.1223.123318 (simulated, derived design space)"
F0687,11.6342,2.4456,21.9612,2.4655,1.7041,1.849,1.9814,0.0385,3.633,0.0171,1.7155,49.7844,0.7704,2496.9,6.14,8.57,11.5,11.76,Stable,Simulated (based on journal's BBD model),"10.55248/gengpi.4.1223.123318 (simulated, derived design space)"
F0688,10.004,1.425,26.4565,2.8085,1.7968,1.6082,1.9632,0.0391,3.8156,0.0185,1.8081,47.4079,0.8486,2391.4,5.88,8.8,7.5,11.55,Stable,Simulated (based on journal's BBD model),"10.55248/gengpi.4.1223.123318 (simulated, derived design space)"
F0689,15.5043,1.0837,20.2828,2.9806,1.7812,2.051,1.6765,0.0407,3.2827,0.0161,2.1108,48.2887,0.9009,2496.9,5.99,8.81,9.5,12.17,Stable,Simulated (based on journal's BBD model),"10.55248/gengpi.4.1223.123318 (simulated, derived design space)"
F0690,15.741,2.4309,20.5417,2.6362,1.8586,1.5515,1.6714,0.0308,3.0732,0.016,1.7543,47.8171,0.8772,2747.3,5.97,8.87,10.2,12.09,Stable,Simulated (based on journal's BBD model),"10.55248/gengpi.4.1223.123318 (simulated, derived design space)"
F0691,15.3212,4.0281,19.8564,2.8147,2.0373,2.3426,2.2213,0.046,3.9028,0.0236,1.8091,44.4604,1.1365,2348.2,6.49,8.28,8,11.96,Stable,Simulated (based on journal's BBD model),"10.55248/gengpi.4.1223.123318 (simulated, derived design space)"
F0692,14.1897,2.832,21.353,2.8572,1.799,1.6515,1.7808,0.0353,3.8369,0.02,1.7021,47.1732,0.7694,2843.8,6.34,8.8,9.1,11.9,Stable,Simulated (based on journal's BBD model),"10.55248/gengpi.4.1223.123318 (simulated, derived design space)"
F0693,13.5734,0.9168,26.525,2.389,2.059,1.9371,1.7306,0.0353,3.911,0.0188,1.9177,44.0778,0.9085,2833.6,6.02,8.87,10.5,11.88,Stable,Simulated (based on journal's BBD model),"10.55248/gengpi.4.1223.123318 (simulated, derived design space)"
F0694,13.4133,0.953,19.7154,3.1901,2.1155,2.4926,2.1543,0.0403,4.8584,0.0217,2.2387,47.758,1.0488,2088.6,6.12,7.96,5.3,12.04,Stable,Simulated (based on journal's BBD model),"10.55248/gengpi.4.1223.123318 (simulated, derived design space)"
F0695,16.461,1.4587,22.9167,3.2505,1.7176,2.0304,1.9703,0.0402,3.6397,0.018,2.0101,43.5574,0.9295,2771.9,5.76,9,10.5,12.08,Stable,Simulated (based on journal's BBD model),"10.55248/gengpi.4.1223.123318 (simulated, derived design space)"
F0696,16.1297,3.2264,19.1249,3.3314,1.7955,2.0436,2.2646,0.0441,4.4947,0.0188,1.7427,44.7951,0.9885,2543.1,6.15,8.36,9.4,12.04,Stable,Simulated (based on journal's BBD model),"10.55248/gengpi.4.1223.123318 (simulated, derived design space)"
F0697,12.3965,2.7759,22.9862,3.195,1.7466,2.1171,1.693,0.0354,4.0778,0.0216,1.8031,46.1671,0.9847,2364.1,6.13,8.62,9.4,11.71,Stable,Simulated (based on journal's BBD model),"10.55248/gengpi.4.1223.123318 (simulated, derived design space)"
F0698,13.9884,3.2999,22.4946,3.183,1.7652,2.107,1.8279,0.0449,3.9041,0.0191,2.2492,44.1283,0.9886,2378.6,6.36,8.13,7.8,11.84,Stable,Simulated (based on journal's BBD model),"10.55248/gengpi.4.1223.123318 (simulated, derived design space)"
F0699,10.1335,2.921,23.4531,3.24,1.8199,1.971,1.9285,0.0384,3.8054,0.0176,2.076,47.4989,1.0967,1932.2,6.26,8.51,9.1,11.54,Needs Evaluation,Simulated (based on journal's BBD model),"10.55248/gengpi.4.1223.123318 (simulated, derived design space)"
F0700,14.6601,2.9488,19.2829,2.6695,1.5496,1.7462,1.588,0.0371,3.4846,0.0168,1.6079,49.6558,0.7529,2704,6.46,8.99,9.1,12.01,Stable,Simulated (based on journal's BBD model),"10.55248/gengpi.4.1223.123318 (simulated, derived design space)"
F0701,14.0239,1.5939,25.6649,2.5384,1.5452,1.7086,1.819,0.038,3.4098,0.0177,1.6058,45.0456,0.989,3057.8,6.04,9.09,11.1,11.86,Needs Evaluation,Simulated (based on journal's BBD model),"10.55248/gengpi.4.1223.123318 (simulated, derived design space)"
F0702,12.1799,1.1715,20.15,3.1761,1.9912,2.1638,1.7703,0.0341,3.2798,0.0193,2.2129,50.9437,0.9072,2281.7,5.79,8.29,7.4,11.92,Stable,Simulated (based on journal's BBD model),"10.55248/gengpi.4.1223.123318 (simulated, derived design space)"
F0703,12.1284,2.2522,23.7198,2.8856,1.8518,2.2154,2.3558,0.0445,3.8561,0.019,1.8798,45.7489,1.0427,2297.4,5.88,8.68,10.2,11.73,Stable,Simulated (based on journal's BBD model),"10.55248/gengpi.4.1223.123318 (simulated, derived design space)"
F0704,11.8424,2.7325,20.7889,2.5679,1.8028,1.7453,1.6421,0.0412,4.1438,0.0172,1.6288,50.1915,0.8557,2299.1,6.37,8.21,7,11.78,Stable,Simulated (based on journal's BBD model),"10.55248/gengpi.4.1223.123318 (simulated, derived design space)"
F0705,16.6359,1.32,22.3,2.7034,1.7658,2.3233,2.1189,0.041,4.3713,0.0223,2.2107,43.2701,0.9171,2704.3,5.89,8.47,9.4,12.18,Stable,Simulated (based on journal's BBD model),"10.55248/gengpi.4.1223.123318 (simulated, derived design space)"
F0706,15.9506,1.0115,21.5411,2.9055,1.7446,1.7635,2.0403,0.0348,3.6723,0.0154,1.9633,46.4924,0.8646,2686.4,5.7,9.1,10.9,12.15,Stable,Simulated (based on journal's BBD model),"10.55248/gengpi.4.1223.123318 (simulated, derived design space)"
F0707,11.8543,2.8992,19.1603,2.9104,1.8392,2.1048,2.1551,0.0438,3.8088,0.018,1.7956,50.2453,1.1651,1898.8,6.27,7.74,5.3,11.8,Needs Evaluation,Simulated (based on journal's BBD model),"10.55248/gengpi.4.1223.123318 (simulated, derived design space)"
F0708,13.0589,2.3565,23.9656,2.5272,1.5062,1.5848,1.7741,0.035,3.4148,0.0178,1.7614,47.13,0.8677,2981.8,6.36,9.06,10.7,11.81,Stable,Simulated (based on journal's BBD model),"10.55248/gengpi.4.1223.123318 (simulated, derived design space)"
F0709,12.3537,3.0672,25.2037,2.4579,1.9343,1.6786,2.1528,0.0413,3.3341,0.0167,1.9416,45.0059,0.8123,2621.4,6.32,8.33,8.4,11.7,Stable,Simulated (based on journal's BBD model),"10.55248/gengpi.4.1223.123318 (simulated, derived design space)"
F0710,16.7386,1.3489,21.3661,2.764,2.1798,2.2905,2.1506,0.045,4.2064,0.0195,1.9742,44.0487,0.8677,2684.5,6.37,8.54,10.7,12.19,Stable,Simulated (based on journal's BBD model),"10.55248/gengpi.4.1223.123318 (simulated, derived design space)"
F0711,12.5281,2.2741,24.2474,2.9729,2.2479,2.0206,2.1144,0.0459,4.5518,0.0229,1.9091,44.1132,0.9518,2331,5.99,8.54,9,11.75,Stable,Simulated (based on journal's BBD model),"10.55248/gengpi.4.1223.123318 (simulated, derived design space)"
F0712,10.507,1.0706,24.2363,3.0449,2.1006,2.1467,1.7264,0.0358,3.4967,0.0182,2.1319,48.4693,1.0158,2231.9,5.92,8.39,7.5,11.68,Stable,Simulated (based on journal's BBD model),"10.55248/gengpi.4.1223.123318 (simulated, derived design space)"
F0713,14.4609,1.2231,24.4801,3.0111,1.7877,1.972,1.7834,0.0387,3.9634,0.0211,1.7511,44.6815,0.826,2770.3,5.92,9.23,11.7,11.92,Stable,Simulated (based on journal's BBD model),"10.55248/gengpi.4.1223.123318 (simulated, derived design space)"
F0714,10.8919,1.4943,22.3391,2.6772,1.7522,2.0392,1.6232,0.0385,4.1445,0.0177,1.9634,50.0222,0.9965,2164.7,6.09,7.9,7.4,11.75,Stable,Simulated (based on journal's BBD model),"10.55248/gengpi.4.1223.123318 (simulated, derived design space)"
F0715,13.3836,1.0118,20.0825,2.8054,2.1824,1.843,2.0253,0.0458,3.9961,0.023,2.2863,49.1769,1.1378,2211.7,5.92,7.89,5.1,12.06,Stable,Simulated (based on journal's BBD model),"10.55248/gengpi.4.1223.123318 (simulated, derived design space)"
F0716,17.0461,2.7228,19.6994,3.1053,1.9197,2.0165,2.1004,0.0394,4.2949,0.0209,2.0303,43.9242,1.0802,2595,6.46,8.27,8.9,12.15,Stable,Simulated (based on journal's BBD model),"10.55248/gengpi.4.1223.123318 (simulated, derived design space)"
F0717,11.725,3.7744,21.2557,3.4431,2.0803,1.9989,1.8914,0.0379,4.4197,0.0214,1.8685,46.5652,0.9185,1917.4,6.36,8.18,6.9,11.63,Needs Evaluation,Simulated (based on journal's BBD model),"10.55248/gengpi.4.1223.123318 (simulated, derived design space)"
F0718,9.5671,3.2908,25.8817,2.8479,2.0211,1.9595,1.9686,0.0366,3.3755,0.0164,1.6991,46.5276,0.808,2082.1,6.42,8.72,7.8,11.42,Stable,Simulated (based on journal's BBD model),"10.55248/gengpi.4.1223.123318 (simulated, derived design space)"
F0719,15.8118,2.859,23.644,2.7962,1.8124,1.6479,2.0344,0.0336,3.1919,0.0196,1.642,43.7266,0.7808,2874.4,6.39,9.16,10.2,11.94,Stable,Simulated (based on journal's BBD model),"10.55248/gengpi.4.1223.123318 (simulated, derived design space)"
F0720,14.5399,1.6279,24.815,2.3879,1.6505,1.5592,1.8047,0.034,3.6018,0.0188,1.7656,45.2101,0.9846,2904.9,6.21,9.16,12.3,11.94,Stable,Simulated (based on journal's BBD model),"10.55248/gengpi.4.1223.123318 (simulated, derived design space)"
F0721,11.4977,1.8903,23.7575,2.9452,1.8179,2.2684,2.1705,0.04,4.2417,0.0225,1.7925,46.5367,1.019,2232.7,5.79,8.34,7.1,11.7,Stable,Simulated (based on journal's BBD model),"10.55248/gengpi.4.1223.123318 (simulated, derived design space)"
F0722,10.0789,2.9112,26.0621,2.5848,2.0091,1.9409,1.759,0.0372,3.469,0.018,1.5345,46.8295,0.7659,2438,6.12,9,9,11.48,Stable,Simulated (based on journal's BBD model),"10.55248/gengpi.4.1223.123318 (simulated, derived design space)"
F0723,13.3469,2.5331,20.6684,2.9711,1.8104,1.6703,1.6396,0.0339,4.1925,0.0219,1.8851,48.3653,0.8615,2460.8,6.33,8.15,7.7,11.89,Stable,Simulated (based on journal's BBD model),"10.55248/gengpi.4.1223.123318 (simulated, derived design space)"
F0724,11.044,3.0552,17.4576,2.7577,1.6868,1.8253,1.7228,0.0367,3.7251,0.018,1.9995,53.7447,0.9264,1852.2,6.33,7.73,7.4,11.81,Needs Evaluation,Simulated (based on journal's BBD model),"10.55248/gengpi.4.1223.123318 (simulated, derived design space)"
F0725,13.0513,1.0609,22.3867,2.6797,2.1681,2.1342,1.6748,0.0385,3.5116,0.0186,2.13,48.2364,0.9092,2458.5,5.81,8.69,11.6,11.96,Stable,Simulated (based on journal's BBD model),"10.55248/gengpi.4.1223.123318 (simulated, derived design space)"
F0726,10.4623,1.5475,26.306,2.6897,1.7293,1.7938,1.9315,0.0339,3.2211,0.0183,1.8707,47.4026,0.9933,2549.9,5.99,8.8,10.1,11.6,Stable,Simulated (based on journal's BBD model),"10.55248/gengpi.4.1223.123318 (simulated, derived design space)"
F0727,14.2307,2.721,23.3203,2.5969,2.0446,2.0723,1.9294,0.0379,3.3585,0.0166,1.8078,44.7854,1.0788,2777.2,6.02,8.95,10.1,11.88,Stable,Simulated (based on journal's BBD model),"10.55248/gengpi.4.1223.123318 (simulated, derived design space)"
F0728,16.1151,1.695,17.4308,2.7068,2.0107,2.0179,1.5426,0.0403,3.3679,0.0156,1.9965,50.1307,0.93,2547.9,6.17,8.9,10.1,12.29,Stable,Simulated (based on journal's BBD model),"10.55248/gengpi.4.1223.123318 (simulated, derived design space)"
F0729,13.1715,3.5527,27.3566,2.4247,2.0181,1.8265,1.765,0.0378,3.1665,0.0183,2.0298,41.7393,0.8931,2879.4,6.26,9.24,8.8,11.69,Stable,Simulated (based on journal's BBD model),"10.55248/gengpi.4.1223.123318 (simulated, derived design space)"
F0730,13.4018,2.6024,26.1381,2.7994,2.0738,1.9127,1.8017,0.0397,4.0343,0.0193,1.6416,42.6493,0.8858,2717.1,6.04,9.22,9.7,11.73,Stable,Simulated (based on journal's BBD model),"10.55248/gengpi.4.1223.123318 (simulated, derived design space)"
F0731,12.2465,1.1487,24.637,2.2618,1.6933,1.9026,1.7819,0.0323,3.3622,0.0183,1.9665,48.1286,0.8203,2737.2,6.08,9.03,11.7,11.85,Stable,Simulated (based on journal's BBD model),"10.55248/gengpi.4.1223.123318 (simulated, derived design space)"
F0732,11.3548,2.2051,27.7785,3.1328,1.807,2.1843,2.0276,0.0332,3.2842,0.0172,2.0387,43.1792,0.9574,2546.3,6.02,9.07,10.3,11.57,Stable,Simulated (based on journal's BBD model),"10.55248/gengpi.4.1223.123318 (simulated, derived design space)"
F0733,17.6999,2.4215,19.3703,2.7153,1.9782,2.3206,2.1685,0.0455,3.9354,0.0177,2.3415,43.8231,1.1626,2461.3,6.47,8.58,9.7,12.28,Stable,Simulated (based on journal's BBD model),"10.55248/gengpi.4.1223.123318 (simulated, derived design space)"
F0734,10.5283,3.5503,23.6022,3.0461,1.8614,1.792,2.1026,0.0377,4.0834,0.0209,1.936,46.6566,0.7827,2114.1,6.19,8.42,6.9,11.53,Stable,Simulated (based on journal's BBD model),"10.55248/gengpi.4.1223.123318 (simulated, derived design space)"
F0735,12.8063,0.8971,17.7356,3.0248,1.938,1.8844,1.9938,0.0421,3.7498,0.02,2.1773,52.794,0.937,2234,5.97,7.84,6.6,12.09,Stable,Simulated (based on journal's BBD model),"10.55248/gengpi.4.1223.123318 (simulated, derived design space)"
F0736,12.7664,3.3877,20.6551,3.1125,1.8478,1.557,1.8519,0.0337,3.1035,0.0198,1.6834,49.1362,0.8451,2375.5,6.64,8.83,11.9,11.76,Needs Evaluation,Simulated (based on journal's BBD model),"10.55248/gengpi.4.1223.123318 (simulated, derived design space)"
F0737,14.8352,2.4784,19.5702,2.8494,1.5494,1.7361,1.9449,0.0356,3.7525,0.0179,1.8878,48.5445,0.7983,2660.8,6.13,8.89,10.6,12.05,Stable,Simulated (based on journal's BBD model),"10.55248/gengpi.4.1223.123318 (simulated, derived design space)"
F0738,9.8377,1.7316,29.0502,3.1137,1.9031,1.7802,1.8764,0.0353,3.459,0.022,2.2539,44.0873,0.8495,2112.6,5.88,8.67,8.1,11.48,Stable,Simulated (based on journal's BBD model),"10.55248/gengpi.4.1223.123318 (simulated, derived design space)"
F0739,10.8964,3.0346,24.9255,2.9304,1.814,2.108,2.142,0.0339,3.4431,0.0189,1.6473,46.0441,0.9618,2331.6,6.38,8.2,7.7,11.55,Stable,Simulated (based on journal's BBD model),"10.55248/gengpi.4.1223.123318 (simulated, derived design space)"
F0740,11.5904,2.8124,18.429,2.5968,2.021,1.7542,1.7049,0.0359,4.0576,0.0211,1.8125,52.2637,0.9003,2064.8,6.08,7.59,5.5,11.84,Stable,Simulated (based on journal's BBD model),"10.55248/gengpi.4.1223.123318 (simulated, derived design space)"
F0741,10.6652,3.0053,28.7049,3.0334,2.084,2.1111,1.818,0.0338,3.3295,0.0187,1.8054,42.5062,0.8845,2261.2,6.43,8.86,12.2,11.46,Stable,Simulated (based on journal's BBD model),"10.55248/gengpi.4.1223.123318 (simulated, derived design space)"
F0742,11.6035,1.8105,20.0142,3.1245,1.9494,2.1901,2.2747,0.0434,4.2158,0.0208,2.3707,49.2318,1.1507,1931.6,5.97,7.71,4.1,11.85,Needs Evaluation,Simulated (based on journal's BBD model),"10.55248/gengpi.4.1223.123318 (simulated, derived design space)"
F0743,11.2806,0.7938,20.3019,2.8537,2.1022,2.3195,1.933,0.0475,4.7722,0.0239,2.3122,50.3445,0.9152,1954.8,5.46,8.24,7.9,11.91,Needs Evaluation,Simulated (based on journal's BBD model),"10.55248/gengpi.4.1223.123318 (simulated, derived design space)"
F0744,10.8452,0.5819,22.7619,2.8795,2.0723,1.8908,2.1241,0.0392,4.162,0.0169,2.0895,49.6859,0.8507,2167,6.04,8.39,6.9,11.79,Stable,Simulated (based on journal's BBD model),"10.55248/gengpi.4.1223.123318 (simulated, derived design space)"
F0745,15.9804,1.7449,22.1039,3.2824,2.0747,2.1397,1.8767,0.0352,3.7226,0.0204,1.6879,44.5054,0.8259,2701.5,6.28,9.13,11.6,12.03,Stable,Simulated (based on journal's BBD model),"10.55248/gengpi.4.1223.123318 (simulated, derived design space)"
F0746,15.8891,1.7987,20.6819,3.1715,2.0542,2.2061,2.028,0.0393,3.8729,0.0189,1.9193,45.3354,0.9847,2576.3,6.29,8.25,8.8,12.09,Stable,Simulated (based on journal's BBD model),"10.55248/gengpi.4.1223.123318 (simulated, derived design space)"
F0747,14.6005,3.8467,18.1963,3.204,2.2677,2.21,1.7947,0.0378,3.5949,0.0205,2.1202,47.0982,1.0085,2389,6.55,8.03,7.7,11.97,Needs Evaluation,Simulated (based on journal's BBD model),"10.55248/gengpi.4.1223.123318 (simulated, derived design space)"
F0748,10.4498,2.6944,20.6902,3.0322,2.2595,2.2131,1.9302,0.0373,3.6577,0.0201,1.7572,50.4134,0.8449,1814.9,6.05,7.75,6,11.64,Needs Evaluation,Simulated (based on journal's BBD model),"10.55248/gengpi.4.1223.123318 (simulated, derived design space)"
F0749,13.3167,1.249,23.0235,3.1108,1.9498,1.9599,1.9075,0.0425,4.2569,0.0189,1.7745,46.5364,0.8536,2741.9,5.94,8.71,9.2,11.88,Stable,Simulated (based on journal's BBD model),"10.55248/gengpi.4.1223.123318 (simulated, derived design space)"
F0750,13.1455,3.437,23.5574,3.0053,1.8083,1.9407,1.87,0.0398,3.2877,0.019,1.7838,45.0241,1.0814,2489.5,6.6,8.59,8.9,11.72,Needs Evaluation,Simulated (based on journal's BBD model),"10.55248/gengpi.4.1223.123318 (simulated, derived design space)"
F0751,12.1723,2.8567,25.8142,2.5827,1.7671,1.7473,2.0082,0.0315,3.4418,0.0192,1.8617,44.7736,0.9239,2617.9,6.45,8.92,9.9,11.67,Stable,Simulated (based on journal's BBD model),"10.55248/gengpi.4.1223.123318 (simulated, derived design space)"
F0752,11.5503,3.393,24.589,2.4543,2.04,1.6449,2.1964,0.0425,3.5901,0.0177,1.8433,45.7193,0.919,2239.5,6.39,8.84,9.4,11.64,Stable,Simulated (based on journal's BBD model),"10.55248/gengpi.4.1223.123318 (simulated, derived design space)"
F0753,14.109,1.8984,24.1428,2.3708,1.4627,1.7714,1.6887,0.0349,3.8303,0.0195,1.7793,46.1437,0.7484,2940,5.82,9.43,9.3,11.92,Stable,Simulated (based on journal's BBD model),"10.55248/gengpi.4.1223.123318 (simulated, derived design space)"
F0754,12.2288,2.6137,19.8327,3.0543,1.7695,1.7048,1.8617,0.0361,4.3808,0.017,1.7712,49.7542,0.9752,2068.8,6.04,8.03,5.8,11.81,Stable,Simulated (based on journal's BBD model),"10.55248/gengpi.4.1223.123318 (simulated, derived design space)"
F0755,13.5711,3.2172,18.0529,2.9535,1.5837,1.6338,1.5385,0.0319,4.0205,0.0176,1.5602,50.8242,0.9948,2436.2,6.57,8.55,9.2,11.92,Needs Evaluation,Simulated (based on journal's BBD model),"10.55248/gengpi.4.1223.123318 (simulated, derived design space)"
F0756,15.0064,1.6294,25.0112,2.5533,1.7386,1.6172,2.072,0.0344,3.6883,0.0177,2.0857,43.5528,0.993,2978.8,6.31,9.18,10,11.97,Stable,Simulated (based on journal's BBD model),"10.55248/gengpi.4.1223.123318 (simulated, derived design space)"
F0757,16.7322,3.0623,20.0417,3.239,1.8688,1.9782,2.1263,0.0351,4.1982,0.0199,2.1622,43.5922,0.944,2558.9,6.53,8.59,10.2,12.1,Needs Evaluation,Simulated (based on journal's BBD model),"10.55248/gengpi.4.1223.123318 (simulated, derived design space)"
F0758,14.0507,2.3036,26.9728,2.6487,1.8852,1.72,1.9735,0.0355,3.6454,0.019,1.646,42.087,1.0127,2857.3,6,9.35,11.5,11.78,Stable,Simulated (based on journal's BBD model),"10.55248/gengpi.4.1223.123318 (simulated, derived design space)"
F0759,14.9135,3.6451,22.3732,2.9047,1.6911,1.8014,2.0319,0.0331,3.4133,0.0181,1.9527,44.1861,1.0357,2664.7,6.33,8.88,10.6,11.88,Stable,Simulated (based on journal's BBD model),"10.55248/gengpi.4.1223.123318 (simulated, derived design space)"
F0760,14.4663,1.0987,17.7107,2.5221,2.1418,1.9265,2.0657,0.036,3.8996,0.0189,2.1507,50.9489,1.0141,2356,6.1,8.3,7.9,12.25,Stable,Simulated (based on journal's BBD model),"10.55248/gengpi.4.1223.123318 (simulated, derived design space)"
F0761,12.4741,1.5697,23.7262,2.8644,1.8387,2.2907,2.1051,0.0459,4.5488,0.0193,2.0985,45.2552,1.1633,2195.6,5.92,7.99,5,11.82,Stable,Simulated (based on journal's BBD model),"10.55248/gengpi.4.1223.123318 (simulated, derived design space)"
F0762,10.9459,1.7078,25.1456,3.0074,1.7151,1.8052,2.0265,0.0316,4.0698,0.0167,1.9198,46.6829,0.9256,2390.8,5.93,8.9,10.5,11.63,Stable,Simulated (based on journal's BBD model),"10.55248/gengpi.4.1223.123318 (simulated, derived design space)"
F0763,15.8895,1.8951,19.608,3.128,1.6975,1.9435,1.6818,0.037,3.9873,0.0197,1.8796,47.3447,0.8882,2571.4,6.1,8.69,9.3,12.13,Stable,Simulated (based on journal's BBD model),"10.55248/gengpi.4.1223.123318 (simulated, derived design space)"
F0764,10.2272,3.7699,24.2948,3.0308,2.1661,1.8868,1.987,0.0456,4.2021,0.0179,1.778,45.5149,1.0789,1748.6,5.91,8.2,6.5,11.47,Needs Evaluation,Simulated (based on journal's BBD model),"10.55248/gengpi.4.1223.123318 (simulated, derived design space)"
F0765,14.0762,1.3918,18.1568,3.3097,1.7664,1.7732,1.9335,0.0389,3.3359,0.0174,1.8783,51.4265,0.8954,2232.8,5.94,8.53,9.5,12.08,Stable,Simulated (based on journal's BBD model),"10.55248/gengpi.4.1223.123318 (simulated, derived design space)"
F0766,10.5929,2.1663,25.8023,2.5351,1.8708,1.6372,1.6462,0.0381,3.5964,0.0211,1.9727,47.1904,0.9306,2301.9,6.07,8.5,8.5,11.61,Stable,Simulated (based on journal's BBD model),"10.55248/gengpi.4.1223.123318 (simulated, derived design space)"
F0767,10.3703,2.6487,24.1266,3.0818,2.0009,1.8323,1.9234,0.0393,3.735,0.0185,1.9414,47.3114,0.9704,2276.4,6.26,8.87,12.1,11.56,Stable,Simulated (based on journal's BBD model),"10.55248/gengpi.4.1223.123318 (simulated, derived design space)"
F0768,14.2969,1.9688,19.3347,2.3602,1.8835,1.9005,2.1122,0.0355,3.5829,0.0168,1.6118,50.0406,0.8556,2622.5,6.34,8.86,9.6,12.08,Stable,Simulated (based on journal's BBD model),"10.55248/gengpi.4.1223.123318 (simulated, derived design space)"
F0769,11.6985,1.3543,24.8228,2.8709,1.5526,1.4811,1.5143,0.0323,3.9426,0.0176,1.661,48.2007,0.8512,2766.9,6.02,9.14,10.8,11.71,Stable,Simulated (based on journal's BBD model),"10.55248/gengpi.4.1223.123318 (simulated, derived design space)"
F0770,13.4141,3.1247,19.1743,2.9171,2.1792,1.7836,2.071,0.038,3.2805,0.0205,1.7137,49.4501,0.8332,2390.2,6.26,8.28,7.6,11.9,Stable,Simulated (based on journal's BBD model),"10.55248/gengpi.4.1223.123318 (simulated, derived design space)"
F0771,16.1605,2.7785,24.7448,2.7592,1.8258,1.6245,1.8728,0.034,4.2062,0.02,1.7917,41.1833,0.9986,2924.1,6.38,9.27,9.5,11.95,Stable,Simulated (based on journal's BBD model),"10.55248/gengpi.4.1223.123318 (simulated, derived design space)"
F0772,16.4948,1.689,19.2475,3.0042,2.175,1.8553,1.8543,0.0459,4.6003,0.0232,2.2112,45.8745,0.9247,2427,5.9,8.15,8.1,12.23,Stable,Simulated (based on journal's BBD model),"10.55248/gengpi.4.1223.123318 (simulated, derived design space)"
F0773,15.8047,3.1239,18.2633,3.0501,1.7046,1.5996,1.9157,0.0383,3.2146,0.0173,2.1002,48.1897,0.978,2525.5,6.31,8.42,7.7,12.11,Stable,Simulated (based on journal's BBD model),"10.55248/gengpi.4.1223.123318 (simulated, derived design space)"
F0774,14.0366,1.6496,26.7733,2.6111,1.9027,1.6425,1.9125,0.0333,4.3974,0.0209,1.9174,42.1144,0.9882,2874.4,6.26,8.93,10.2,11.84,Stable,Simulated (based on journal's BBD model),"10.55248/gengpi.4.1223.123318 (simulated, derived design space)"
F0775,14.4429,2.9789,25.5401,3.0359,1.7383,1.8259,1.945,0.0379,4.11,0.0153,1.7113,41.7877,0.8307,2908.9,6.39,9.47,11.3,11.78,Stable,Simulated (based on journal's BBD model),"10.55248/gengpi.4.1223.123318 (simulated, derived design space)"
F0776,14.0232,1.3103,18.972,2.8105,1.9458,2.0077,1.9945,0.0411,3.696,0.0203,1.9709,50.438,0.7698,2579.2,5.94,8.54,9,12.11,Stable,Simulated (based on journal's BBD model),"10.55248/gengpi.4.1223.123318 (simulated, derived design space)"
F0777,12.9709,1.5002,21.1789,2.6212,2.1509,1.6801,1.8593,0.0356,4.0455,0.0182,1.8277,49.0812,1.0302,2364.2,6.29,8.32,6.3,11.94,Stable,Simulated (based on journal's BBD model),"10.55248/gengpi.4.1223.123318 (simulated, derived design space)"
F0778,11.2415,2.1363,17.7959,2.4318,1.8665,1.8269,1.679,0.0398,4.3257,0.0183,1.9546,53.6479,1.0358,2045.1,6.14,8.33,6.9,11.91,Stable,Simulated (based on journal's BBD model),"10.55248/gengpi.4.1223.123318 (simulated, derived design space)"
F0779,12.7329,1.1949,24.061,2.7771,2.2061,2.0545,2.1013,0.0372,3.7137,0.0213,2.3847,45.7414,0.974,2365.1,5.61,8.4,7.4,11.88,Stable,Simulated (based on journal's BBD model),"10.55248/gengpi.4.1223.123318 (simulated, derived design space)"
F0780,11.1369,1.4754,25.7505,2.8807,1.8913,1.9609,1.6685,0.0373,3.5561,0.0195,1.6966,46.9232,1.003,2608.8,5.58,8.78,9.7,11.64,Stable,Simulated (based on journal's BBD model),"10.55248/gengpi.4.1223.123318 (simulated, derived design space)"
F0781,13.7762,3.4343,21.3457,2.6603,1.8748,1.5786,1.6592,0.0403,3.7661,0.0153,1.6329,47.2494,0.9669,2683.4,6.48,8.68,10,11.85,Stable,Simulated (based on journal's BBD model),"10.55248/gengpi.4.1223.123318 (simulated, derived design space)"
F0782,14.0941,2.3794,17.6245,3.0925,1.6054,1.677,1.9805,0.0375,3.9876,0.0182,1.7434,50.9809,0.7792,2538.4,6.42,8.31,8.2,12.04,Stable,Simulated (based on journal's BBD model),"10.55248/gengpi.4.1223.123318 (simulated, derived design space)"
F0783,13.0396,2.9679,26.1544,3.0384,2.1327,1.8612,1.7059,0.0327,3.4951,0.0169,1.9243,42.8159,0.8149,2790.6,6.29,8.6,9.1,11.69,Stable,Simulated (based on journal's BBD model),"10.55248/gengpi.4.1223.123318 (simulated, derived design space)"
F0784,11.3592,2.8813,26.9036,2.9086,2.196,1.7735,1.8496,0.0348,3.6185,0.0183,2.2293,43.2584,0.969,2354.6,6.18,8.89,9,11.59,Stable,Simulated (based on journal's BBD model),"10.55248/gengpi.4.1223.123318 (simulated, derived design space)"
F0785,14.3879,1.6997,20.1798,2.9109,2.1432,1.632,2.0497,0.0405,4.321,0.0214,2.0457,47.7039,0.8641,2574.6,6.1,8.86,10,12.05,Stable,Simulated (based on journal's BBD model),"10.55248/gengpi.4.1223.123318 (simulated, derived design space)"
F0786,12.3202,2.812,23.4276,2.726,1.9395,1.8838,2.3502,0.0395,3.987,0.0243,2.0538,45.4397,0.9965,2087.2,6.09,8.25,6.6,11.75,Stable,Simulated (based on journal's BBD model),"10.55248/gengpi.4.1223.123318 (simulated, derived design space)"
F0787,14.0356,1.6969,24.0805,2.4905,1.611,1.7862,1.4487,0.0291,3.4743,0.0165,1.8061,46.7217,0.8029,3172.4,6.06,9.44,11.9,11.92,Needs Evaluation,Simulated (based on journal's BBD model),"10.55248/gengpi.4.1223.123318 (simulated, derived design space)"
F0788,15.3762,1.4279,19.486,3.2309,1.6265,2.166,1.7006,0.0417,3.5457,0.0182,1.7391,48.7343,0.907,2532.3,5.96,8.83,10.1,12.11,Stable,Simulated (based on journal's BBD model),"10.55248/gengpi.4.1223.123318 (simulated, derived design space)"
F0789,14.286,3.1444,21.0115,2.8563,1.9717,1.7432,1.6793,0.0351,4.0643,0.0171,1.7754,46.5608,0.8549,2441,6.07,8.82,10.1,11.91,Stable,Simulated (based on journal's BBD model),"10.55248/gengpi.4.1223.123318 (simulated, derived design space)"
F0790,13.8961,1.8823,23.0837,2.4147,1.8974,1.7909,1.8881,0.0333,3.2868,0.0178,1.8455,47.1789,0.7847,3008.9,5.9,9.19,10.9,11.94,Needs Evaluation,Simulated (based on journal's BBD model),"10.55248/gengpi.4.1223.123318 (simulated, derived design space)"
F0791,13.0747,3.8537,20.2099,3.1913,2.1033,1.8134,1.9394,0.0417,3.7084,0.0223,2.3361,46.7787,0.927,2105,6.52,8.48,8.6,11.81,Needs Evaluation,Simulated (based on journal's BBD model),"10.55248/gengpi.4.1223.123318 (simulated, derived design space)"
F0792,12.0582,1.8628,27.2079,2.9159,1.9575,1.8713,2.0982,0.0388,4.1088,0.0195,1.9663,43.0306,0.8642,2835.6,5.76,8.95,10.4,11.67,Stable,Simulated (based on journal's BBD model),"10.55248/gengpi.4.1223.123318 (simulated, derived design space)"
F0793,15.8307,0.9341,26.7612,2.9606,1.7349,1.9389,1.7898,0.0363,3.6588,0.0166,2.1938,41.1403,1.004,2802,6.13,9.62,10.8,11.99,Stable,Simulated (based on journal's BBD model),"10.55248/gengpi.4.1223.123318 (simulated, derived design space)"
F0794,15.7038,2.9237,19.2084,3.1154,1.8526,1.7032,1.9329,0.0389,3.9281,0.0211,1.8698,46.8412,0.861,2615.3,6.57,8.56,7.7,12.06,Needs Evaluation,Simulated (based on journal's BBD model),"10.55248/gengpi.4.1223.123318 (simulated, derived design space)"
F0795,14.0464,2.1567,23.7097,3.0676,2.059,1.8403,1.7529,0.0352,4.0937,0.0218,1.9113,44.2474,1.058,2657.2,6.17,8.93,9.4,11.86,Stable,Simulated (based on journal's BBD model),"10.55248/gengpi.4.1223.123318 (simulated, derived design space)"
F0796,9.7234,2.1071,21.8039,2.6063,2.0468,1.66,1.7606,0.0399,3.1652,0.0194,2.017,52.0255,1.025,1931.3,6.08,8.44,8.1,11.65,Needs Evaluation,Simulated (based on journal's BBD model),"10.55248/gengpi.4.1223.123318 (simulated, derived design space)"
F0797,10.7591,1.6725,28.5164,2.8639,2.0381,1.961,1.9763,0.0457,3.7572,0.0208,1.953,43.4387,0.9973,2381.6,5.76,8.91,12.5,11.56,Stable,Simulated (based on journal's BBD model),"10.55248/gengpi.4.1223.123318 (simulated, derived design space)"
F0798,15.3901,2.885,24.9594,2.9526,1.8764,1.7766,1.9962,0.0406,3.0845,0.0156,2.0469,41.9756,1.0004,2951.6,6.34,9.14,8.8,11.89,Stable,Simulated (based on journal's BBD model),"10.55248/gengpi.4.1223.123318 (simulated, derived design space)"
F0799,14.0488,3.5579,20.9652,2.7143,1.8115,1.821,1.8093,0.0307,3.0614,0.0158,1.5846,47.7592,0.8202,2511.6,6.58,8.78,9,11.86,Needs Evaluation,Simulated (based on journal's BBD model),"10.55248/gengpi.4.1223.123318 (simulated, derived design space)"
F0800,15.5054,3.1671,21.0278,2.9301,1.5939,1.5627,1.9504,0.0354,4.1644,0.0159,2.0061,45.0455,0.9953,2721.4,6.67,8.96,9.8,12,Needs Evaluation,Simulated (based on journal's BBD model),"10.55248/gengpi.4.1223.123318 (simulated, derived design space)"
F0801,12.8151,3.1784,24.8694,2.5454,2.1093,1.614,2.0811,0.035,3.7181,0.0182,1.6759,44.4963,0.8439,2625.1,6.61,8.77,9.4,11.71,Needs Evaluation,Simulated (based on journal's BBD model),"10.55248/gengpi.4.1223.123318 (simulated, derived design space)"
F0802,12.721,3.1794,22.413,2.7715,1.8363,1.7219,1.8477,0.0305,3.8743,0.0189,1.6148,47.2243,0.7464,2713.7,6.76,9.03,10.3,11.75,Needs Evaluation,Simulated (based on journal's BBD model),"10.55248/gengpi.4.1223.123318 (simulated, derived design space)"
F0803,11.633,2.9067,19.6683,2.8073,2.0543,2.1647,1.8495,0.0375,3.7717,0.0191,1.8996,50.1061,1.0824,1889.8,6.09,8.22,8.1,11.78,Needs Evaluation,Simulated (based on journal's BBD model),"10.55248/gengpi.4.1223.123318 (simulated, derived design space)"
F0804,10.851,3.7438,19.7978,2.8024,1.7892,2.169,2.1402,0.0479,4.6621,0.0203,2.0081,49.0328,0.9354,1608,6.38,7.74,6.3,11.67,Needs Evaluation,Simulated (based on journal's BBD model),"10.55248/gengpi.4.1223.123318 (simulated, derived design space)"
F0805,12.9302,2.1477,21.8113,2.7042,1.7791,2.2584,2.2833,0.0344,3.5667,0.0195,1.8049,47.775,0.8853,2354.4,5.97,7.98,6.7,11.87,Stable,Simulated (based on journal's BBD model),"10.55248/gengpi.4.1223.123318 (simulated, derived design space)"
F0806,11.7569,3.4531,19.219,2.9239,1.9318,1.989,1.9039,0.0367,3.8777,0.0153,1.732,50.2141,0.9466,2347,6.47,8.49,10.3,11.75,Stable,Simulated (based on journal's BBD model),"10.55248/gengpi.4.1223.123318 (simulated, derived design space)"
F0807,14.4824,2.8352,23.4187,2.6275,1.5676,1.4332,1.8829,0.0342,3.1288,0.0149,1.8299,45.8337,0.9112,3065.5,6.42,9.12,13,11.89,Needs Evaluation,Simulated (based on journal's BBD model),"10.55248/gengpi.4.1223.123318 (simulated, derived design space)"
F0808,14.9204,3.9374,19.2934,3.4075,1.8173,1.8086,2.0553,0.0365,4.5632,0.0212,1.8028,45.2513,1.0852,2335.9,6.7,8.09,7.6,11.91,Needs Evaluation,Simulated (based on journal's BBD model),"10.55248/gengpi.4.1223.123318 (simulated, derived design space)"
F0809,14.4685,1.3261,24.6487,3.0285,2.0807,2.0147,2.2178,0.0354,4.4145,0.0197,2.0445,42.7637,0.9373,2775.1,5.97,9.04,9.7,11.93,Stable,Simulated (based on journal's BBD model),"10.55248/gengpi.4.1223.123318 (simulated, derived design space)"
F0810,10.0413,3.7384,26.981,2.4094,2.0776,2.1118,1.7934,0.04,3.6864,0.0196,1.7859,44.3985,0.9166,2115.5,6.17,8.81,7.8,11.45,Stable,Simulated (based on journal's BBD model),"10.55248/gengpi.4.1223.123318 (simulated, derived design space)"
F0811,16.427,2.1917,23.4935,3.2666,2.1376,1.7255,1.9,0.0437,3.6841,0.0184,1.7402,42.3448,1.0267,2858.9,5.93,8.88,8.6,11.99,Stable,Simulated (based on journal's BBD model),"10.55248/gengpi.4.1223.123318 (simulated, derived design space)"
F0812,16.624,2.4957,19.8344,3.2291,2.213,1.6887,2.1372,0.0373,3.8832,0.0217,2.2014,44.7536,0.8808,2576.4,6.25,8.7,9,12.14,Stable,Simulated (based on journal's BBD model),"10.55248/gengpi.4.1223.123318 (simulated, derived design space)"
F0813,11.0762,2.0692,19.333,3.4542,1.9102,1.9846,2.3247,0.0449,3.8321,0.0182,2.2278,50.595,1.1297,1750.3,6.38,7.34,4.6,11.77,Needs Evaluation,Simulated (based on journal's BBD model),"10.55248/gengpi.4.1223.123318 (simulated, derived design space)"
F0814,16.8249,0.7517,23.7352,2.5207,1.9358,2.1803,1.8732,0.0442,4.0619,0.0221,2.1052,43.0465,0.8984,2647.1,5.22,8.77,8.8,12.18,Stable,Simulated (based on journal's BBD model),"10.55248/gengpi.4.1223.123318 (simulated, derived design space)"
F0815,15.6166,1.8357,24.2676,3.0063,1.9697,1.6149,1.7675,0.0338,3.4328,0.017,1.9428,43.6043,0.8911,2944.9,6.18,9.7,11.2,11.97,Stable,Simulated (based on journal's BBD model),"10.55248/gengpi.4.1223.123318 (simulated, derived design space)"
F0816,11.4612,3.4138,21.0889,2.7376,1.9804,1.7411,1.7996,0.0375,3.6785,0.0194,1.9812,49.0546,1.0063,2085.3,6.46,8.08,7.8,11.71,Stable,Simulated (based on journal's BBD model),"10.55248/gengpi.4.1223.123318 (simulated, derived design space)"
F0817,12.1929,2.0066,24.255,3.0644,2.1195,1.7445,2.1571,0.0351,4.0069,0.0222,1.9931,45.2441,1.1585,2361.4,5.83,8.51,8.2,11.73,Stable,Simulated (based on journal's BBD model),"10.55248/gengpi.4.1223.123318 (simulated, derived design space)"
F0818,15.5019,2.131,24.9606,2.5271,1.6811,2.0261,1.7801,0.0316,3.2395,0.0176,1.5257,43.7151,0.8627,3072.6,6.03,9.29,11.3,11.94,Needs Evaluation,Simulated (based on journal's BBD model),"10.55248/gengpi.4.1223.123318 (simulated, derived design space)"
F0819,14.4144,3.6167,25.2757,2.7702,1.8081,1.999,2.054,0.0417,3.5202,0.0208,1.629,42.0539,0.7962,2811,6.56,9.41,12,11.76,Needs Evaluation,Simulated (based on journal's BBD model),"10.55248/gengpi.4.1223.123318 (simulated, derived design space)"
F0820,13.1034,2.0441,23.0786,2.5267,1.9198,1.8341,1.8448,0.0352,3.8855,0.0161,1.6794,47.1635,0.8688,2868.1,6.31,8.94,9.7,11.85,Stable,Simulated (based on journal's BBD model),"10.55248/gengpi.4.1223.123318 (simulated, derived design space)"
F0821,13.8661,2.3808,22.2355,2.8298,2.1166,1.7914,2.2521,0.0438,3.6689,0.0214,2.0843,45.7669,0.9422,2425.3,6.25,8.8,11.9,11.91,Stable,Simulated (based on journal's BBD model),"10.55248/gengpi.4.1223.123318 (simulated, derived design space)"
F0822,14.7512,2.9023,23.217,2.9766,1.7362,2.0361,1.8901,0.0401,3.7049,0.0167,1.8503,43.9109,0.9677,2812.4,6.56,9.29,12.3,11.88,Needs Evaluation,Simulated (based on journal's BBD model),"10.55248/gengpi.4.1223.123318 (simulated, derived design space)"
F0823,10.8856,3.6601,26.0613,3.0236,1.7604,1.8747,1.6529,0.0375,3.3157,0.0188,1.9376,44.8446,0.927,2351.4,6.29,8.69,10.7,11.5,Stable,Simulated (based on journal's BBD model),"10.55248/gengpi.4.1223.123318 (simulated, derived design space)"
F0824,15.6194,2.1929,16.8031,2.939,1.6246,1.9994,1.6565,0.0351,3.9678,0.0209,1.7688,50.538,0.8345,2565.3,6.11,8.55,7.7,12.21,Stable,Simulated (based on journal's BBD model),"10.55248/gengpi.4.1223.123318 (simulated, derived design space)"
F0825,11.0932,1.9088,20.5161,3.1407,2.3048,1.7132,2.0317,0.041,4.5129,0.0201,2.0334,49.75,0.934,1949.1,6.07,7.98,6.3,11.76,Needs Evaluation,Simulated (based on journal's BBD model),"10.55248/gengpi.4.1223.123318 (simulated, derived design space)"
F0826,11.6876,2.2649,18.3982,3.1797,2.0983,1.7018,1.7881,0.0388,3.2974,0.0179,1.7362,52.7538,1.0373,2329.8,6.25,8.23,6.8,11.83,Stable,Simulated (based on journal's BBD model),"10.55248/gengpi.4.1223.123318 (simulated, derived design space)"
F0827,14.3823,0.6651,18.8102,3.3612,2.2292,1.9212,2.2426,0.0413,4.3826,0.0196,1.7743,49.1798,0.9907,2288.2,5.88,7.99,5.5,12.12,Stable,Simulated (based on journal's BBD model),"10.55248/gengpi.4.1223.123318 (simulated, derived design space)"
F0828,12.2835,1.8002,23.4221,2.5903,1.7748,1.8336,1.4734,0.0351,3.8326,0.0147,1.6694,48.4491,0.8213,2792.2,6.38,9.08,7.2,11.79,Stable,Simulated (based on journal's BBD model),"10.55248/gengpi.4.1223.123318 (simulated, derived design space)"
F0829,14.9429,2.786,18.9685,2.2972,1.7801,1.9839,2.0037,0.0407,3.9899,0.0183,1.7613,48.4675,0.9599,2637.9,6.34,8.49,9.4,12.1,Stable,Simulated (based on journal's BBD model),"10.55248/gengpi.4.1223.123318 (simulated, derived design space)"
F0830,11.2838,2.3959,22.806,2.3951,1.9253,1.6383,1.5842,0.034,3.7389,0.0199,1.9108,49.4877,0.78,2508.7,6.36,8.76,8.8,11.73,Stable,Simulated (based on journal's BBD model),"10.55248/gengpi.4.1223.123318 (simulated, derived design space)"
F0831,14.4774,3.6726,19.827,2.8126,1.8838,1.7358,1.934,0.037,3.7061,0.0181,1.6102,47.3903,0.895,2401.9,6.49,8.37,7,11.92,Stable,Simulated (based on journal's BBD model),"10.55248/gengpi.4.1223.123318 (simulated, derived design space)"
F0832,14.4888,2.5572,25.7758,2.7569,1.8754,2.0384,1.8243,0.0396,3.6564,0.0182,2.0103,42.0715,0.8872,2836.8,6.31,9.03,8.7,11.84,Stable,Simulated (based on journal's BBD model),"10.55248/gengpi.4.1223.123318 (simulated, derived design space)"
F0833,14.3178,2.8613,19.5507,3.0058,1.7968,1.6949,1.9235,0.0374,3.7566,0.0159,1.731,48.4333,0.8749,2773.1,6.29,8.93,10.8,11.96,Stable,Simulated (based on journal's BBD model),"10.55248/gengpi.4.1223.123318 (simulated, derived design space)"
F0834,13.7593,0.9601,24.7627,3.0232,1.6259,1.9837,1.8361,0.0334,3.6781,0.0171,1.8366,45.4741,1.0096,2793.7,5.79,9.05,10.9,11.88,Stable,Simulated (based on journal's BBD model),"10.55248/gengpi.4.1223.123318 (simulated, derived design space)"
F0835,13.248,1.9795,20.8564,3.0334,1.7766,1.5799,2.0532,0.0408,3.8216,0.0179,1.5895,49.2133,0.79,2571.4,5.93,8.65,8.8,11.89,Stable,Simulated (based on journal's BBD model),"10.55248/gengpi.4.1223.123318 (simulated, derived design space)"
F0836,11.0468,0.8434,20.0307,3.1268,2.1394,1.93,1.9618,0.0337,3.4099,0.0182,1.9837,52.4659,1.0098,1984.4,5.77,7.84,7.8,11.85,Needs Evaluation,Simulated (based on journal's BBD model),"10.55248/gengpi.4.1223.123318 (simulated, derived design space)"
F0837,14.3166,2.1122,24.2064,3.0335,2.0298,1.8211,1.8084,0.0335,4.0755,0.0178,1.6008,44.1441,0.8003,2899.7,6.05,9.76,12.3,11.85,Stable,Simulated (based on journal's BBD model),"10.55248/gengpi.4.1223.123318 (simulated, derived design space)"
F0838,16.2363,2.988,25.9686,2.6649,1.9953,1.8424,1.6846,0.0328,3.529,0.0165,2.1271,40.0057,0.9089,2963.5,6.15,9.02,10.5,11.93,Stable,Simulated (based on journal's BBD model),"10.55248/gengpi.4.1223.123318 (simulated, derived design space)"
F0839,15.6298,1.6621,24.1066,3.0681,2.1454,2.1147,1.9836,0.0371,3.846,0.0208,2.1387,42.3197,0.9274,2883.4,5.87,8.92,8,12,Stable,Simulated (based on journal's BBD model),"10.55248/gengpi.4.1223.123318 (simulated, derived design space)"
F0840,14.2217,3.8372,22.9461,2.6266,1.7248,1.6554,1.9528,0.0389,3.4984,0.0203,2.0577,44.5055,0.9146,2661.2,6.6,8.68,9.9,11.84,Needs Evaluation,Simulated (based on journal's BBD model),"10.55248/gengpi.4.1223.123318 (simulated, derived design space)"
F0841,13.9251,3.1824,26.5672,2.7883,1.6723,1.7601,1.9559,0.0379,3.2796,0.0157,1.9149,41.993,0.9075,3027.7,6.24,9.39,10.5,11.74,Needs Evaluation,Simulated (based on journal's BBD model),"10.55248/gengpi.4.1223.123318 (simulated, derived design space)"
F0842,14.6677,2.3365,20.6413,2.6368,1.8208,2.3134,2.0008,0.0448,4.4625,0.0203,2.1451,45.8429,1.067,2446.1,6.18,8.54,8.6,12.04,Stable,Simulated (based on journal's BBD model),"10.55248/gengpi.4.1223.123318 (simulated, derived design space)"
F0843,10.1554,3.3816,20.3592,2.9517,1.8737,1.8053,1.9628,0.0427,3.2438,0.0212,1.9423,51.3528,0.9076,1854.7,6.52,8.34,5.5,11.6,Needs Evaluation,Simulated (based on journal's BBD model),"10.55248/gengpi.4.1223.123318 (simulated, derived design space)"
F0844,10.4654,1.1733,26.4687,3.2908,2.1108,1.8394,2.0261,0.0394,4.1142,0.0229,2.2303,45.0683,1.1505,2045.3,5.99,8.78,8.5,11.6,Stable,Simulated (based on journal's BBD model),"10.55248/gengpi.4.1223.123318 (simulated, derived design space)"
F0845,11.5087,2.0233,17.6177,2.6002,1.6989,1.7846,1.7035,0.0409,3.3245,0.02,1.7271,54.8569,1.0936,1945.4,5.99,8.01,7.1,11.91,Needs Evaluation,Simulated (based on journal's BBD model),"10.55248/gengpi.4.1223.123318 (simulated, derived design space)"
F0846,12.3813,0.837,22.0759,3.0642,1.9261,1.8759,1.7216,0.0359,3.4211,0.0212,1.731,49.9827,0.926,2260.7,5.44,8.54,7.7,11.87,Stable,Simulated (based on journal's BBD model),"10.55248/gengpi.4.1223.123318 (simulated, derived design space)"
F0847,13.4005,2.0636,19.6714,2.7752,1.9103,1.5598,1.7993,0.0315,3.2938,0.0185,2.0176,50.6669,0.7917,2457.3,6.23,8.89,9.2,11.99,Stable,Simulated (based on journal's BBD model),"10.55248/gengpi.4.1223.123318 (simulated, derived design space)"
F0848,15.3202,3.5255,17.3829,2.636,2.1091,2.0188,2.1478,0.0333,3.9529,0.0196,1.653,48.2089,0.9918,2360.6,6.38,8.17,9.9,12.09,Stable,Simulated (based on journal's BBD model),"10.55248/gengpi.4.1223.123318 (simulated, derived design space)"
F0849,15.2489,1.5951,19.1694,3.1072,2.0315,1.5529,1.9553,0.0319,3.1042,0.0169,1.6833,49.542,0.9614,2578.6,6.14,9.07,9.7,12.11,Stable,Simulated (based on journal's BBD model),"10.55248/gengpi.4.1223.123318 (simulated, derived design space)"
F0850,15.8079,3.6165,19.3118,2.8251,1.9831,1.7387,1.9379,0.0349,3.5744,0.0185,1.8976,46.315,0.9387,2529.2,6.78,8.45,8.9,12.04,Needs Evaluation,Simulated (based on journal's BBD model),"10.55248/gengpi.4.1223.123318 (simulated, derived design space)"
F0851,11.2965,0.9642,26.8548,2.8103,2.2594,2.1178,1.8865,0.0373,4.008,0.0174,1.7616,44.9093,1.0769,2343.8,5.73,8.6,10.8,11.67,Stable,Simulated (based on journal's BBD model),"10.55248/gengpi.4.1223.123318 (simulated, derived design space)"
F0852,13.8602,1.3066,24.2253,3.376,1.716,1.8403,1.8161,0.0364,3.7924,0.0216,2.2116,44.8008,0.9966,2744.3,5.7,8.8,9.2,11.88,Stable,Simulated (based on journal's BBD model),"10.55248/gengpi.4.1223.123318 (simulated, derived design space)"
F0853,12.569,1.7753,24.8988,2.9261,1.6093,1.5846,2.0291,0.0365,4.0036,0.0157,1.8221,45.7282,1.0017,2746.3,6.26,8.93,9.7,11.75,Stable,Simulated (based on journal's BBD model),"10.55248/gengpi.4.1223.123318 (simulated, derived design space)"
F0854,14.256,3.2363,24.0247,2.0803,1.4073,1.4561,1.5544,0.0358,3.6401,0.0148,1.6867,45.8023,0.8053,2957,6.75,9.53,9.8,11.87,Needs Evaluation,Simulated (based on journal's BBD model),"10.55248/gengpi.4.1223.123318 (simulated, derived design space)"
F0855,12.5992,0.6146,27.9119,2.8345,1.8505,2.1197,1.6727,0.0338,4.0753,0.0173,2.0327,43.4357,0.802,2766.4,5.94,8.86,11.1,11.77,Stable,Simulated (based on journal's BBD model),"10.55248/gengpi.4.1223.123318 (simulated, derived design space)"
F0856,16.9399,3.178,19.6487,3.1857,2.0312,2.0471,2.1426,0.0398,3.857,0.0203,1.8303,44.0711,1.0083,2589.2,6.66,8.63,8.2,12.1,Needs Evaluation,Simulated (based on journal's BBD model),"10.55248/gengpi.4.1223.123318 (simulated, derived design space)"
F0857,11.927,2.0663,20.9938,2.8764,1.7555,2.09,2.0748,0.0405,4.1321,0.0181,1.8548,49.1994,0.9713,2458.9,6.22,8.52,9.6,11.81,Stable,Simulated (based on journal's BBD model),"10.55248/gengpi.4.1223.123318 (simulated, derived design space)"
F0858,13.7423,1.5111,24.2683,2.9733,1.6202,1.8363,1.7124,0.0406,3.5168,0.0163,1.7069,46.2831,0.7723,2891.1,6.09,9.29,10.7,11.86,Stable,Simulated (based on journal's BBD model),"10.55248/gengpi.4.1223.123318 (simulated, derived design space)"
F0859,10.1961,1.3958,27.1487,3.0844,2.1745,2.1525,1.7343,0.0448,3.6807,0.0204,2.0913,45.131,1.1454,2133.2,5.98,8.39,9,11.56,Stable,Simulated (based on journal's BBD model),"10.55248/gengpi.4.1223.123318 (simulated, derived design space)"
F0860,13.6549,2.089,24.5336,2.2591,1.6297,1.7354,1.5289,0.0372,3.391,0.0163,1.4904,46.6712,0.9634,2816.1,6.27,9.47,10.2,11.85,Stable,Simulated (based on journal's BBD model),"10.55248/gengpi.4.1223.123318 (simulated, derived design space)"
F0861,10.312,2.3095,26.2782,3.4482,1.9699,2.2051,2.1024,0.0461,3.9606,0.0193,2.2798,44.159,0.9099,2033.5,5.86,8.39,7.8,11.52,Stable,Simulated (based on journal's BBD model),"10.55248/gengpi.4.1223.123318 (simulated, derived design space)"
F0862,14.9687,2.9047,23.8081,2.5819,2.09,2.2013,2.1284,0.0439,3.6342,0.0223,1.89,42.6255,1.1011,2702.4,6.13,8.79,8.6,11.91,Stable,Simulated (based on journal's BBD model),"10.55248/gengpi.4.1223.123318 (simulated, derived design space)"
F0863,12.8938,3.4295,18.5859,3.0922,1.7603,2.0517,2.1146,0.0367,3.6036,0.0205,1.8944,49.5433,0.9735,2266.6,6.57,8.28,7,11.85,Needs Evaluation,Simulated (based on journal's BBD model),"10.55248/gengpi.4.1223.123318 (simulated, derived design space)"
F0864,12.0304,1.6467,21.2832,3.1583,1.9932,2.1849,1.8465,0.0415,4.217,0.0175,1.9013,48.742,0.9375,2194.8,6.16,8.52,7.6,11.82,Stable,Simulated (based on journal's BBD model),"10.55248/gengpi.4.1223.123318 (simulated, derived design space)"
F0865,16.6871,2.4072,24.1874,2.4935,2.118,1.7863,1.9751,0.0437,3.9279,0.0204,1.8779,41.4357,1.0398,2788.7,6.04,9.16,13.1,12.04,Stable,Simulated (based on journal's BBD model),"10.55248/gengpi.4.1223.123318 (simulated, derived design space)"
F0866,11.8053,2.0321,20.1642,2.7313,1.7768,1.8921,1.7094,0.0425,3.7115,0.0169,1.8425,51.4808,0.7946,2441.7,6.19,8.42,7.9,11.84,Stable,Simulated (based on journal's BBD model),"10.55248/gengpi.4.1223.123318 (simulated, derived design space)"
F0867,12.67,1.5642,27.3312,3.0569,2.1904,2.0328,2.098,0.0431,3.3905,0.0212,2.0233,42.5977,0.9808,2642.9,6.1,8.96,10.1,11.72,Stable,Simulated (based on journal's BBD model),"10.55248/gengpi.4.1223.123318 (simulated, derived design space)"
F0868,11.3766,2.64,20.3805,3.0787,2.1171,2.1169,2.1722,0.0439,3.4658,0.0189,2.096,49.5932,0.9002,2111,6.42,7.59,5.3,11.75,Stable,Simulated (based on journal's BBD model),"10.55248/gengpi.4.1223.123318 (simulated, derived design space)"
F0869,13.5481,0.7049,19.1019,3.3926,2.3257,2.1588,1.9602,0.0462,4.2863,0.0225,2.2063,49.2313,1.0151,2128.3,5.92,7.95,7.1,12.07,Stable,Simulated (based on journal's BBD model),"10.55248/gengpi.4.1223.123318 (simulated, derived design space)"
F0870,15.2103,2.1007,18.3326,2.5049,1.8533,1.905,1.9889,0.0328,4.4177,0.0185,2.127,48.6522,0.8562,2550.3,6.46,8.52,11.8,12.19,Stable,Simulated (based on journal's BBD model),"10.55248/gengpi.4.1223.123318 (simulated, derived design space)"
F0871,10.1916,2.6955,27.5606,2.5088,1.7698,2.1349,1.7818,0.0399,3.8498,0.0196,1.8569,44.7674,0.8235,2337.8,6.4,8.96,11.5,11.5,Stable,Simulated (based on journal's BBD model),"10.55248/gengpi.4.1223.123318 (simulated, derived design space)"
F0872,10.5945,0.5993,24.5625,2.6527,1.6704,1.5614,1.5406,0.0339,3.8706,0.02,1.9842,49.9149,0.995,2462.4,5.71,8.46,9.1,11.73,Stable,Simulated (based on journal's BBD model),"10.55248/gengpi.4.1223.123318 (simulated, derived design space)"
F0873,11.5625,1.327,23.0339,2.7051,1.7075,1.8785,2.1189,0.0389,4.2429,0.0173,1.7149,48.7104,0.9421,2388.5,5.72,8.72,8.8,11.77,Stable,Simulated (based on journal's BBD model),"10.55248/gengpi.4.1223.123318 (simulated, derived design space)"
F0874,14.9369,1.0124,22.2553,2.8377,2.0092,1.8317,1.7823,0.0434,4.2842,0.022,2.1733,45.8398,0.9718,2493.6,5.94,8.29,7.8,12.08,Stable,Simulated (based on journal's BBD model),"10.55248/gengpi.4.1223.123318 (simulated, derived design space)"
F0875,14.284,3.2182,20.5016,2.6519,2.1013,2.0444,2.0415,0.0393,3.9466,0.0207,1.8028,46.2714,1.0761,2385.1,6,8.57,7,11.94,Stable,Simulated (based on journal's BBD model),"10.55248/gengpi.4.1223.123318 (simulated, derived design space)"
F0876,13.9744,2.787,22.3489,2.4766,1.5813,1.724,1.8579,0.0372,2.9469,0.0163,1.6518,47.7182,0.8793,2898.3,6.21,9.13,10.7,11.89,Stable,Simulated (based on journal's BBD model),"10.55248/gengpi.4.1223.123318 (simulated, derived design space)"
F0877,16.0311,3.0365,22.6169,2.8228,2.1519,1.8007,1.7779,0.0435,4.2022,0.0211,1.7469,42.9239,0.8247,2705.1,6.51,9.06,9.4,11.98,Needs Evaluation,Simulated (based on journal's BBD model),"10.55248/gengpi.4.1223.123318 (simulated, derived design space)"
F0878,10.9499,1.7716,27.1559,2.5247,1.7551,1.7139,1.6092,0.0363,3.5127,0.0193,1.9963,46.1716,0.7834,2630.7,6.33,8.88,10.8,11.62,Stable,Simulated (based on journal's BBD model),"10.55248/gengpi.4.1223.123318 (simulated, derived design space)"
F0879,10.117,2.9575,25.273,2.8666,1.6449,1.7924,1.9644,0.0331,3.8295,0.0149,1.4869,47.0779,0.942,2387.1,6.35,8.8,11.7,11.47,Stable,Simulated (based on journal's BBD model),"10.55248/gengpi.4.1223.123318 (simulated, derived design space)"
F0880,10.8882,1.6027,24.7506,3.3864,2.1689,2.1164,2.0393,0.0384,3.6171,0.0199,1.753,46.6191,1.0002,2092.1,6.22,8.21,10,11.61,Stable,Simulated (based on journal's BBD model),"10.55248/gengpi.4.1223.123318 (simulated, derived design space)"
F0881,11.4162,4.0903,20.622,3.5666,1.8268,2.3954,1.8393,0.0463,4.1196,0.023,2.0856,46.8082,1.1607,1627.8,6.24,7.84,8.2,11.61,Needs Evaluation,Simulated (based on journal's BBD model),"10.55248/gengpi.4.1223.123318 (simulated, derived design space)"
F0882,10.9198,2.9592,25.5012,3.1448,1.7915,1.8641,1.7842,0.0345,4.0015,0.0177,1.8205,45.1712,0.9897,2424.2,6.55,8.79,9.4,11.53,Needs Evaluation,Simulated (based on journal's BBD model),"10.55248/gengpi.4.1223.123318 (simulated, derived design space)"
F0883,15.4741,0.8245,19.5864,2.6433,2.0193,2.2458,1.9311,0.0395,4.5942,0.0225,2.1471,47.5668,0.9054,2266.5,5.97,8.42,7.1,12.24,Stable,Simulated (based on journal's BBD model),"10.55248/gengpi.4.1223.123318 (simulated, derived design space)"
F0884,15.2934,2.5334,21.5227,2.9549,1.8013,1.881,2.2937,0.0469,4.2799,0.0231,2.1369,44.0555,1.1773,2500.9,6.08,8.54,7.2,12.01,Stable,Simulated (based on journal's BBD model),"10.55248/gengpi.4.1223.123318 (simulated, derived design space)"
F0885,15.2313,2.0928,21.0949,2.863,1.9129,2.2852,2.1883,0.0397,3.6551,0.022,1.8019,45.8491,0.9638,2492.8,6.22,8.5,6.8,12.04,Stable,Simulated (based on journal's BBD model),"10.55248/gengpi.4.1223.123318 (simulated, derived design space)"
F0886,13.7822,2.1047,19.584,2.7102,2.2199,2.2593,1.8637,0.0358,3.5071,0.0209,2.1557,48.6896,1.067,2336.6,6.18,8.25,9.3,12.03,Stable,Simulated (based on journal's BBD model),"10.55248/gengpi.4.1223.123318 (simulated, derived design space)"
F0887,10.5798,1.5164,21.3916,3.029,1.8393,1.7291,2.1205,0.0373,3.9098,0.0176,2.1632,50.5552,1.1111,1965,6.03,8.23,8.7,11.74,Needs Evaluation,Simulated (based on journal's BBD model),"10.55248/gengpi.4.1223.123318 (simulated, derived design space)"
F0888,17.0328,1.6559,21.826,2.5259,2.002,2.0796,2.1098,0.0349,3.8343,0.0176,2.0447,43.7434,1.0931,2618.2,6.03,8.71,10.5,12.2,Stable,Simulated (based on journal's BBD model),"10.55248/gengpi.4.1223.123318 (simulated, derived design space)"
F0889,10.6071,2.3745,19.7891,3.5768,2.1365,1.9294,2.1213,0.0363,4.5375,0.0235,2.3153,49.5664,0.9863,1704.3,5.69,7.81,8.5,11.7,Needs Evaluation,Simulated (based on journal's BBD model),"10.55248/gengpi.4.1223.123318 (simulated, derived design space)"
F0890,16.5993,1.1259,17.4214,2.5157,1.7637,1.654,1.925,0.0363,3.4779,0.0207,1.7528,50.7892,0.9182,2414.9,5.97,8.61,8.3,12.38,Stable,Simulated (based on journal's BBD model),"10.55248/gengpi.4.1223.123318 (simulated, derived design space)"
F0891,16.4791,2.5441,20.8712,2.8464,2.0635,2.1872,1.6881,0.0341,3.7098,0.018,1.8196,44.8493,0.8895,2628.4,6.4,8.63,9.7,12.1,Stable,Simulated (based on journal's BBD model),"10.55248/gengpi.4.1223.123318 (simulated, derived design space)"
F0892,11.2037,3.5596,23.6708,2.8805,2.1145,2.2673,2.2403,0.0462,4.666,0.0191,2.0202,44.1605,1.1514,1950.6,6.09,8.22,6.2,11.6,Needs Evaluation,Simulated (based on journal's BBD model),"10.55248/gengpi.4.1223.123318 (simulated, derived design space)"
F0893,10.0911,1.6746,28.0436,2.5176,1.902,1.6818,1.8812,0.0353,3.623,0.0218,1.9194,45.604,1.0047,2206.4,5.7,8.62,9.2,11.54,Stable,Simulated (based on journal's BBD model),"10.55248/gengpi.4.1223.123318 (simulated, derived design space)"
F0894,13.8056,2.0316,24.3889,3.0445,1.5829,1.7004,1.6922,0.032,3.9113,0.0193,1.7807,45.2343,0.7763,2902,5.83,9.43,12,11.83,Stable,Simulated (based on journal's BBD model),"10.55248/gengpi.4.1223.123318 (simulated, derived design space)"
F0895,13.4557,1.6043,21.5238,2.6216,1.6917,1.8695,1.9563,0.0299,3.965,0.0176,1.8599,48.5362,0.8685,2755.9,6.14,8.77,8.4,11.96,Stable,Simulated (based on journal's BBD model),"10.55248/gengpi.4.1223.123318 (simulated, derived design space)"
F0896,14.1989,3.0424,21.5354,2.5306,1.5896,1.9154,1.5837,0.0359,3.3807,0.0173,1.6208,47.6941,0.8551,2871.6,6.53,9.5,12,11.91,Needs Evaluation,Simulated (based on journal's BBD model),"10.55248/gengpi.4.1223.123318 (simulated, derived design space)"
F0897,10.3155,0.6179,24.3282,2.6483,2.3485,1.8844,2.039,0.0357,4.1389,0.0198,1.775,48.8542,0.9945,1901.8,5.83,8.27,8.4,11.7,Needs Evaluation,Simulated (based on journal's BBD model),"10.55248/gengpi.4.1223.123318 (simulated, derived design space)"
F0898,13.8803,0.8696,20.7645,2.9222,1.7857,1.8912,1.9143,0.033,3.9676,0.0176,1.6278,49.4569,0.8694,2712.4,6.12,8.82,9.1,12.03,Stable,Simulated (based on journal's BBD model),"10.55248/gengpi.4.1223.123318 (simulated, derived design space)"
F0899,13.7439,1.8055,18.0887,3.1428,1.612,2.0771,1.7943,0.039,4.2205,0.0168,1.9106,50.5399,1.0089,2457.1,6.21,8.79,10,12.05,Stable,Simulated (based on journal's BBD model),"10.55248/gengpi.4.1223.123318 (simulated, derived design space)"
F0900,15.0933,1.6914,28.0969,2.7581,1.608,1.7983,1.6661,0.0333,3.5053,0.0162,1.9817,40.897,0.8543,2943.3,6.01,9.55,12,11.86,Stable,Simulated (based on journal's BBD model),"10.55248/gengpi.4.1223.123318 (simulated, derived design space)"
F0901,10.8508,0.7698,24.4798,2.3394,1.8211,1.6552,1.6528,0.0411,3.8572,0.0197,1.8293,49.7493,0.9344,2485,6.17,8.76,10.3,11.75,Stable,Simulated (based on journal's BBD model),"10.55248/gengpi.4.1223.123318 (simulated, derived design space)"
F0902,11.3337,3.0965,25.6601,2.5821,1.668,1.7101,1.9071,0.036,2.9782,0.0175,1.4749,46.7179,0.8179,2690.4,6.08,9.42,10.9,11.57,Stable,Simulated (based on journal's BBD model),"10.55248/gengpi.4.1223.123318 (simulated, derived design space)"
F0903,11.6069,3.6491,25.4968,3.0568,2.067,1.7402,1.7162,0.0336,4.0168,0.0193,1.6828,43.9991,0.9155,2486.9,6.56,9.11,10.3,11.55,Needs Evaluation,Simulated (based on journal's BBD model),"10.55248/gengpi.4.1223.123318 (simulated, derived design space)"
F0904,12.1981,2.8286,26.2905,3.0352,1.5634,1.6438,1.7905,0.0353,3.7584,0.0204,1.5934,44.424,0.8183,2763.6,6.4,8.89,10.9,11.61,Stable,Simulated (based on journal's BBD model),"10.55248/gengpi.4.1223.123318 (simulated, derived design space)"
F0905,11.9599,3.3699,27.6793,2.8435,1.9,1.7501,1.9105,0.0366,3.5054,0.0162,1.7251,42.36,0.9434,2733.5,6.1,9.42,9.5,11.56,Stable,Simulated (based on journal's BBD model),"10.55248/gengpi.4.1223.123318 (simulated, derived design space)"
F0906,14.3509,1.91,25.6941,2.5353,1.7986,1.4892,1.8005,0.0381,3.8997,0.0198,1.6089,44.007,0.848,3080.5,5.8,9.24,10.5,11.86,Needs Evaluation,Simulated (based on journal's BBD model),"10.55248/gengpi.4.1223.123318 (simulated, derived design space)"
F0907,10.7105,2.8154,20.9333,3.2426,2.024,2.0093,1.9595,0.0333,4.3493,0.02,2.2105,48.6691,1.0233,1980.9,6.37,8.18,8.3,11.66,Needs Evaluation,Simulated (based on journal's BBD model),"10.55248/gengpi.4.1223.123318 (simulated, derived design space)"
F0908,14.2842,1.2103,26.2554,3.0455,1.5427,1.9992,1.6561,0.0374,3.3638,0.0202,1.5564,44.164,0.8648,2917.3,6.02,9.67,11.5,11.84,Stable,Simulated (based on journal's BBD model),"10.55248/gengpi.4.1223.123318 (simulated, derived design space)"
F0909,14.9789,2.7998,23.7721,2.4122,1.5906,1.6874,1.45,0.0381,2.9988,0.0188,1.4691,46.0324,0.7518,2940.8,6.21,9.68,12.5,11.91,Stable,Simulated (based on journal's BBD model),"10.55248/gengpi.4.1223.123318 (simulated, derived design space)"
F0910,15.1818,1.8592,23.3187,2.6098,1.7938,1.6364,1.583,0.0352,3.4163,0.0168,1.8294,45.9684,0.7512,2819.7,6.09,9.08,10.1,12,Stable,Simulated (based on journal's BBD model),"10.55248/gengpi.4.1223.123318 (simulated, derived design space)"
F0911,9.3451,3.5783,24.0859,2.3591,1.5365,1.9129,1.7621,0.039,4.0458,0.0185,1.6264,48.6703,1.0201,2011,6.17,8.93,8.3,11.45,Stable,Simulated (based on journal's BBD model),"10.55248/gengpi.4.1223.123318 (simulated, derived design space)"
F0912,13.6764,3.234,22.0065,2.8089,1.5531,1.5739,1.7393,0.0311,3.5851,0.0162,1.8734,47.0502,0.852,2703.6,6.26,9.11,9.9,11.84,Stable,Simulated (based on journal's BBD model),"10.55248/gengpi.4.1223.123318 (simulated, derived design space)"
F0913,15.7877,3.3215,20.187,2.7196,1.7618,2.1475,1.9147,0.0401,3.7293,0.0199,1.8476,45.5282,0.9952,2645.5,6.36,8.29,6.9,12.04,Stable,Simulated (based on journal's BBD model),"10.55248/gengpi.4.1223.123318 (simulated, derived design space)"
F0914,11.4299,2.3488,24.86,2.2158,1.584,1.5583,1.7172,0.0336,3.6678,0.0158,1.7646,47.8403,0.9637,2771.7,6.26,9.02,10.4,11.69,Stable,Simulated (based on journal's BBD model),"10.55248/gengpi.4.1223.123318 (simulated, derived design space)"
F0915,10.3337,2.4861,24.2331,3.0428,1.8771,2.0515,1.7141,0.0343,3.6421,0.0174,1.529,48.072,0.9668,2429.3,5.77,8.5,9,11.53,Stable,Simulated (based on journal's BBD model),"10.55248/gengpi.4.1223.123318 (simulated, derived design space)"
F0916,10.5052,2.6058,20.2102,2.7196,2.2334,1.7692,2.3601,0.0417,4.75,0.018,2.1264,49.5163,1.1441,1670.7,6.09,7.53,6.6,11.72,Needs Evaluation,Simulated (based on journal's BBD model),"10.55248/gengpi.4.1223.123318 (simulated, derived design space)"
F0917,10.2809,1.9548,26.2272,2.819,1.9875,1.759,2.0825,0.0437,3.9522,0.0198,1.7783,46.1859,0.9093,1960.2,6.16,9.03,12.8,11.55,Needs Evaluation,Simulated (based on journal's BBD model),"10.55248/gengpi.4.1223.123318 (simulated, derived design space)"
F0918,13.8806,3.5058,20.1054,2.5411,2.0663,1.8735,1.6804,0.0364,3.7047,0.0203,1.7717,47.8368,0.9772,2368.7,6.65,8.44,8.8,11.91,Needs Evaluation,Simulated (based on journal's BBD model),"10.55248/gengpi.4.1223.123318 (simulated, derived design space)"
F0919,11.758,1.8744,24.9729,2.9356,1.6122,1.5915,1.7473,0.0392,3.3121,0.0183,1.8585,47.3885,0.8914,2759.6,6.37,9.12,11.3,11.69,Stable,Simulated (based on journal's BBD model),"10.55248/gengpi.4.1223.123318 (simulated, derived design space)"
F0920,12.7707,2.8803,21.1115,2.7729,2.1306,2.0146,2.1118,0.0373,4.122,0.0197,2.0599,46.9031,1.0655,2320.6,6.44,8.12,6,11.84,Stable,Simulated (based on journal's BBD model),"10.55248/gengpi.4.1223.123318 (simulated, derived design space)"
F0921,13.4764,2.5922,22.6782,2.514,1.677,1.6043,1.5534,0.0366,3.0407,0.0196,1.9014,47.9347,0.9715,2813,6.13,9.27,11.9,11.87,Stable,Simulated (based on journal's BBD model),"10.55248/gengpi.4.1223.123318 (simulated, derived design space)"
F0922,14.4174,0.6997,26.2793,2.5317,1.9844,1.7186,1.6309,0.0373,3.3752,0.02,1.726,44.6237,0.9557,2734.5,5.74,9.01,10.6,11.93,Stable,Simulated (based on journal's BBD model),"10.55248/gengpi.4.1223.123318 (simulated, derived design space)"
F0923,10.4665,1.6856,22.6784,2.9839,1.889,2.135,1.6927,0.0385,3.7895,0.0205,2.2389,49.2561,1.1255,1972.7,5.9,8.14,7.2,11.69,Needs Evaluation,Simulated (based on journal's BBD model),"10.55248/gengpi.4.1223.123318 (simulated, derived design space)"
F0924,13.2011,1.7158,19.0951,2.7621,2.1887,1.8449,2.0872,0.0405,3.837,0.0181,1.8843,50.3885,0.9368,2296.2,6.02,8.1,8.4,12.01,Stable,Simulated (based on journal's BBD model),"10.55248/gengpi.4.1223.123318 (simulated, derived design space)"
F0925,13.3084,2.0115,25.2573,2.6989,1.764,2.0003,1.8912,0.0313,3.2054,0.0193,1.953,44.9578,0.9016,3034.1,5.99,8.98,10.5,11.81,Needs Evaluation,Simulated (based on journal's BBD model),"10.55248/gengpi.4.1223.123318 (simulated, derived design space)"
F0926,16.8354,2.9983,24.3382,2.6977,1.7098,1.8516,1.9956,0.0396,3.6727,0.0197,2.0825,40.8214,0.9376,2961.3,6.41,9.26,13.3,12.01,Stable,Simulated (based on journal's BBD model),"10.55248/gengpi.4.1223.123318 (simulated, derived design space)"
F0927,16.4466,0.7205,21.9097,2.4138,1.6468,1.7697,1.6445,0.0418,4.1597,0.0174,1.9109,46.3148,1.0038,2685.1,6.03,9.23,10.9,12.23,Stable,Simulated (based on journal's BBD model),"10.55248/gengpi.4.1223.123318 (simulated, derived design space)"
F0928,14.9905,2.0673,21.9602,2.9923,1.6315,1.6449,1.571,0.0388,3.7272,0.0153,1.9872,46.4142,0.9594,2817.5,6.27,9.13,12.5,12,Stable,Simulated (based on journal's BBD model),"10.55248/gengpi.4.1223.123318 (simulated, derived design space)"
F0929,14.4638,3.1891,21.2168,3.1259,1.6958,1.7569,1.6281,0.0362,3.6373,0.0206,1.9733,46.2698,0.9863,2683.8,6.28,8.97,11.6,11.9,Stable,Simulated (based on journal's BBD model),"10.55248/gengpi.4.1223.123318 (simulated, derived design space)"
F0930,14.3008,2.6512,26.789,2.4864,1.8406,1.8678,2.0836,0.033,3.6502,0.0173,1.8265,41.6704,0.7832,3061.7,6.16,8.97,9,11.81,Needs Evaluation,Simulated (based on journal's BBD model),"10.55248/gengpi.4.1223.123318 (simulated, derived design space)"
F0931,10.1676,3.748,24.4293,3.2117,1.9113,2.1931,1.9466,0.04,3.9032,0.0209,1.9955,45.5586,0.8742,2039.9,6.32,8.31,7.2,11.47,Stable,Simulated (based on journal's BBD model),"10.55248/gengpi.4.1223.123318 (simulated, derived design space)"
F0932,12.8969,3.1163,17.2772,2.6159,2.0038,1.9083,1.7119,0.0403,3.6466,0.0183,2.0882,51.8014,0.8747,2257.6,6.49,8.1,7.2,11.98,Stable,Simulated (based on journal's BBD model),"10.55248/gengpi.4.1223.123318 (simulated, derived design space)"
F0933,16.2267,2.2363,23.696,2.4433,1.7491,1.6397,2.0583,0.0342,4.248,0.0199,1.7571,42.8985,0.9928,2855.7,6.38,9.11,8.6,12.04,Stable,Simulated (based on journal's BBD model),"10.55248/gengpi.4.1223.123318 (simulated, derived design space)"
F0934,12.0774,3.8663,26.1028,3.0014,1.89,2.0031,1.8426,0.0332,3.7473,0.0218,2.0078,42.3271,1.079,2351.7,6.54,8.58,7.1,11.58,Needs Evaluation,Simulated (based on journal's BBD model),"10.55248/gengpi.4.1223.123318 (simulated, derived design space)"
F0935,13.8851,2.1961,25.7349,2.7416,2.0979,1.7458,2.0982,0.0406,4.081,0.0192,2.0311,42.2593,1.0691,2797.8,6.14,9.29,11.4,11.83,Stable,Simulated (based on journal's BBD model),"10.55248/gengpi.4.1223.123318 (simulated, derived design space)"
F0936,13.5044,3.0429,21.3929,2.9192,2.1936,2.2167,2.2,0.0362,3.5872,0.0183,1.9158,46.0346,0.9383,2485.6,6.45,8.74,10,11.85,Stable,Simulated (based on journal's BBD model),"10.55248/gengpi.4.1223.123318 (simulated, derived design space)"
F0937,9.7291,0.723,26.0574,2.8737,1.9414,1.6424,1.7577,0.0395,4.2028,0.0213,1.8972,48.0713,1.0433,2315.1,5.86,8.87,9.8,11.59,Stable,Simulated (based on journal's BBD model),"10.55248/gengpi.4.1223.123318 (simulated, derived design space)"
F0938,15.4333,1.1991,21.7057,2.9559,1.5786,1.945,1.6171,0.039,3.6941,0.0162,1.7727,47.1137,0.9294,2729.7,6.17,9.23,14.5,12.08,Stable,Simulated (based on journal's BBD model),"10.55248/gengpi.4.1223.123318 (simulated, derived design space)"
F0939,9.8151,3.4922,18.8163,2.8287,2.0402,1.7103,1.8853,0.0345,4.0312,0.0191,2.0696,52.281,0.9767,1794.8,6.66,8,5.8,11.63,Needs Evaluation,Simulated (based on journal's BBD model),"10.55248/gengpi.4.1223.123318 (simulated, derived design space)"
F0940,15.3202,1.7894,19.3189,2.5728,1.7402,1.5476,1.7737,0.0354,3.6433,0.017,1.8348,49.3982,1.0085,2671.5,5.96,8.68,8.7,12.16,Stable,Simulated (based on journal's BBD model),"10.55248/gengpi.4.1223.123318 (simulated, derived design space)"
F0941,10.6288,1.1159,17.6841,3.2056,1.9303,2.0214,2.0947,0.0415,4.2517,0.0217,1.8721,54.1149,1.0174,1868.8,6.06,7.89,7,11.86,Needs Evaluation,Simulated (based on journal's BBD model),"10.55248/gengpi.4.1223.123318 (simulated, derived design space)"
F0942,13.0609,2.6041,18.2545,2.8659,1.7477,2.0251,2.2035,0.0367,4.057,0.0183,1.783,50.4642,0.879,2181.3,6.23,7.9,5.7,11.95,Stable,Simulated (based on journal's BBD model),"10.55248/gengpi.4.1223.123318 (simulated, derived design space)"
F0943,13.1895,0.6254,22.2765,2.9588,1.9101,1.5926,1.8404,0.0377,3.0842,0.0198,2.0089,49.4736,0.9825,2697.6,6.03,8.98,10.7,11.96,Stable,Simulated (based on journal's BBD model),"10.55248/gengpi.4.1223.123318 (simulated, derived design space)"
F0944,13.7586,1.5416,20.2436,3.0191,1.538,1.9058,2.0439,0.0382,4.13,0.019,1.5473,49.3738,0.8412,2593.3,5.95,8.25,6,11.97,Stable,Simulated (based on journal's BBD model),"10.55248/gengpi.4.1223.123318 (simulated, derived design space)"
F0945,11.7828,2.4898,25.1009,2.5477,1.6532,1.8991,1.901,0.0405,3.0919,0.02,1.82,46.8596,0.7934,2631.8,6.2,8.59,7.1,11.68,Stable,Simulated (based on journal's BBD model),"10.55248/gengpi.4.1223.123318 (simulated, derived design space)"
F0946,15.9426,3.0232,24.2449,2.933,1.8903,2.2065,1.9674,0.0358,3.552,0.02,1.9457,41.1767,1.0619,2894,6.3,9.24,10.3,11.93,Stable,Simulated (based on journal's BBD model),"10.55248/gengpi.4.1223.123318 (simulated, derived design space)"
F0947,17.2301,3.4817,21.1165,2.6524,1.941,1.8858,2.0788,0.0449,3.7801,0.0171,2.2062,42.446,1.1194,2653.9,5.91,8.88,9.1,12.11,Stable,Simulated (based on journal's BBD model),"10.55248/gengpi.4.1223.123318 (simulated, derived design space)"
F0948,12.0998,3.6878,26.6547,3.0082,1.7193,2.0472,2.043,0.0374,4.3129,0.0172,1.7792,41.5523,1.0411,2550.5,6.36,8.55,7.4,11.56,Stable,Simulated (based on journal's BBD model),"10.55248/gengpi.4.1223.123318 (simulated, derived design space)"
F0949,10.495,1.2973,24.9787,2.6406,1.873,1.5084,1.6816,0.0348,3.1752,0.0155,1.9471,49.5873,0.7655,2539.1,6.01,8.95,9.3,11.66,Stable,Simulated (based on journal's BBD model),"10.55248/gengpi.4.1223.123318 (simulated, derived design space)"
F0950,15.2206,3.3612,20.2521,2.3086,1.5593,1.9125,1.9238,0.0354,3.6981,0.0184,1.7954,47.0109,0.9038,2741.4,6.51,8.68,11,12.03,Needs Evaluation,Simulated (based on journal's BBD model),"10.55248/gengpi.4.1223.123318 (simulated, derived design space)"
F0951,11.6704,3.1415,24.8933,3.2047,1.6991,1.9732,1.7438,0.0423,3.3235,0.0198,2.0536,45.1618,1.073,2478.8,6.41,8.61,8.6,11.61,Stable,Simulated (based on journal's BBD model),"10.55248/gengpi.4.1223.123318 (simulated, derived design space)"
F0952,15.7476,0.7453,21.0023,2.7021,1.5588,1.7104,1.6782,0.0359,3.7231,0.0188,1.5822,48.5597,0.9354,2695.4,5.48,8.99,9,12.17,Stable,Simulated (based on journal's BBD model),"10.55248/gengpi.4.1223.123318 (simulated, derived design space)"
F0953,14.671,2.547,24.481,2.745,1.7354,1.4866,1.5752,0.0383,3.1785,0.0148,1.7849,44.9562,0.7861,2938.5,6.48,9.45,11.1,11.88,Stable,Simulated (based on journal's BBD model),"10.55248/gengpi.4.1223.123318 (simulated, derived design space)"
F0954,14.3178,2.4839,19.0937,2.6286,1.715,1.6595,1.926,0.0347,3.8358,0.0154,1.556,49.8387,0.8949,2745.5,6.43,9.41,10.5,12.02,Stable,Simulated (based on journal's BBD model),"10.55248/gengpi.4.1223.123318 (simulated, derived design space)"
F0955,10.9235,2.6079,25.42,3.4502,2.062,1.8232,2.0906,0.0359,3.7283,0.0176,2.0541,44.7733,1.0136,2119.6,6.28,8.42,8.7,11.55,Stable,Simulated (based on journal's BBD model),"10.55248/gengpi.4.1223.123318 (simulated, derived design space)"
F0956,9.6793,3.171,23.3338,2.8684,2.1452,2.0263,2.0843,0.0361,3.8339,0.0195,1.7852,48.1484,0.8686,1864.4,6.35,8.26,8.1,11.5,Needs Evaluation,Simulated (based on journal's BBD model),"10.55248/gengpi.4.1223.123318 (simulated, derived design space)"
F0957,12.9905,2.6487,18.2914,3.1987,1.9409,2.0617,2.0697,0.0353,3.8368,0.0216,1.6676,50.1543,1.0827,2287.4,6.25,8.34,8.2,11.9,Stable,Simulated (based on journal's BBD model),"10.55248/gengpi.4.1223.123318 (simulated, derived design space)"
F0958,11.5414,1.6903,17.9488,3.2122,2.1521,2.0254,1.8616,0.034,4.1914,0.0208,2.1889,52.0631,1.0699,2108.3,6.21,8.06,7,11.91,Stable,Simulated (based on journal's BBD model),"10.55248/gengpi.4.1223.123318 (simulated, derived design space)"
F0959,14.8573,1.9094,18.5638,2.7469,1.9795,1.8224,1.7905,0.0394,3.5207,0.0213,1.9448,49.9303,0.8736,2353.9,6.22,8.12,8.1,12.14,Stable,Simulated (based on journal's BBD model),"10.55248/gengpi.4.1223.123318 (simulated, derived design space)"
F0960,11.2914,2.5824,20.0472,3.2957,2.1764,1.9528,2.0308,0.0418,4.087,0.0203,2.1801,49.2969,0.9974,2167.8,6.03,8.23,8.6,11.75,Stable,Simulated (based on journal's BBD model),"10.55248/gengpi.4.1223.123318 (simulated, derived design space)"
F0961,12.698,1.0777,23.5642,2.898,2.2501,2.0234,2.1263,0.0372,4.3056,0.0203,2.0738,45.9321,0.9933,2552.2,5.91,8.81,9.6,11.87,Stable,Simulated (based on journal's BBD model),"10.55248/gengpi.4.1223.123318 (simulated, derived design space)"
F0962,15.8737,3.0634,18.9767,2.6207,1.6459,1.5204,1.6189,0.0304,3.8077,0.0175,1.6856,48.1569,0.9821,2653.4,6.09,8.81,9.2,12.1,Stable,Simulated (based on journal's BBD model),"10.55248/gengpi.4.1223.123318 (simulated, derived design space)"
F0963,11.7883,1.325,22.9292,3.4454,1.7019,1.8198,1.8145,0.0426,3.8261,0.0198,1.7906,48.615,0.8817,2234.5,6.02,8.12,8.9,11.73,Stable,Simulated (based on journal's BBD model),"10.55248/gengpi.4.1223.123318 (simulated, derived design space)"
F0964,14.6234,1.8733,20.9075,2.4432,1.8653,1.8601,1.8343,0.0397,4.0735,0.0199,1.6542,47.9962,0.8094,2756.5,5.81,8.51,10,12.05,Stable,Simulated (based on journal's BBD model),"10.55248/gengpi.4.1223.123318 (simulated, derived design space)"
F0965,9.3288,2.2096,26.4761,2.8105,2.0787,1.6224,1.8583,0.0397,3.6699,0.016,1.8663,47.0509,0.973,2268.2,5.9,8.91,10.6,11.46,Stable,Simulated (based on journal's BBD model),"10.55248/gengpi.4.1223.123318 (simulated, derived design space)"
F0966,11.3528,2.7785,25.2563,2.2485,1.734,1.6192,1.5744,0.0344,3.5406,0.0146,1.8599,47.0091,0.9777,2659.9,5.93,9.17,9.8,11.66,Stable,Simulated (based on journal's BBD model),"10.55248/gengpi.4.1223.123318 (simulated, derived design space)"
F0967,14.7205,3.304,18.5226,3.4685,2.2153,2.1796,2.1852,0.0392,4.3598,0.0196,2.2694,45.766,0.9503,2364.6,6.3,7.76,4,11.99,Stable,Simulated (based on journal's BBD model),"10.55248/gengpi.4.1223.123318 (simulated, derived design space)"
F0968,15.9639,2.2536,21.1732,2.627,1.8428,1.9037,2.0346,0.0336,3.473,0.0183,1.8154,45.8301,1.0308,2582.9,5.95,8.81,10.2,12.09,Stable,Simulated (based on journal's BBD model),"10.55248/gengpi.4.1223.123318 (simulated, derived design space)"
F0969,14.0227,2.1904,20.7999,2.9193,1.6437,1.9854,1.8133,0.0368,3.9621,0.0195,1.835,47.8992,0.8725,2716.4,6.31,8.63,7.3,11.96,Stable,Simulated (based on journal's BBD model),"10.55248/gengpi.4.1223.123318 (simulated, derived design space)"
F0970,13.4836,2.9612,21.9841,2.7476,1.9501,1.8258,1.886,0.0409,3.5452,0.0176,1.5546,47.2188,0.7845,2646.9,6.01,9.05,10.7,11.83,Stable,Simulated (based on journal's BBD model),"10.55248/gengpi.4.1223.123318 (simulated, derived design space)"
F0971,15.8703,1.478,26.1071,3.0195,1.7556,2.1854,1.7736,0.0447,3.3211,0.0181,1.7731,41.6113,1.0422,2906.8,5.92,9.38,9.6,11.95,Stable,Simulated (based on journal's BBD model),"10.55248/gengpi.4.1223.123318 (simulated, derived design space)"
F0972,14.3913,1.9743,24.8458,2.9404,1.6667,2.0434,2.0093,0.0395,3.3791,0.0175,1.8242,44.0032,0.8653,2895.8,5.82,9.13,10.9,11.87,Stable,Simulated (based on journal's BBD model),"10.55248/gengpi.4.1223.123318 (simulated, derived design space)"
F0973,15.0643,1.0857,23.9188,2.9704,1.8554,1.9939,1.8158,0.0318,3.1654,0.0165,1.4802,45.7936,0.8083,2955.3,6.04,9.24,10.9,11.97,Stable,Simulated (based on journal's BBD model),"10.55248/gengpi.4.1223.123318 (simulated, derived design space)"
F0974,10.6905,2.7335,24.2349,2.4618,1.7916,1.7106,1.9372,0.0371,3.5564,0.0194,1.6488,48.1845,0.9937,2442.5,6.29,8.79,9.5,11.6,Stable,Simulated (based on journal's BBD model),"10.55248/gengpi.4.1223.123318 (simulated, derived design space)"
F0975,12.758,2.7121,19.5067,3.359,2.077,2.106,1.7023,0.0422,4.2371,0.0206,1.8351,48.7796,0.8642,2253.7,6.04,7.82,6,11.83,Stable,Simulated (based on journal's BBD model),"10.55248/gengpi.4.1223.123318 (simulated, derived design space)"
F0976,11.2028,0.814,27.4751,2.8643,1.8337,1.9122,1.9651,0.0426,3.4198,0.0178,2.1624,45.4795,0.8106,2523.6,5.85,8.81,8.7,11.68,Stable,Simulated (based on journal's BBD model),"10.55248/gengpi.4.1223.123318 (simulated, derived design space)"
F0977,12.5479,2.5201,22.0344,3.2112,1.9139,2.0042,2.1194,0.0339,3.4811,0.0167,1.6893,47.5317,0.8963,2462.1,6.23,8.58,7.5,11.76,Stable,Simulated (based on journal's BBD model),"10.55248/gengpi.4.1223.123318 (simulated, derived design space)"
F0978,10.6013,1.6533,23.9026,3.3422,1.9007,1.7084,1.8989,0.0351,3.6114,0.0203,1.7099,48.6012,1.0147,2124.7,5.88,8.28,9.1,11.6,Stable,Simulated (based on journal's BBD model),"10.55248/gengpi.4.1223.123318 (simulated, derived design space)"
F0979,13.9687,1.9442,22.3806,2.6011,1.9394,2.261,2.1401,0.0362,4.1596,0.0226,2.1459,45.2767,1.1239,2376.5,6.3,8.37,8.3,11.97,Stable,Simulated (based on journal's BBD model),"10.55248/gengpi.4.1223.123318 (simulated, derived design space)"
F0980,17.1483,3.6952,17.7796,3.3207,1.7024,1.827,1.9739,0.0391,4.0536,0.0195,2.2212,45.3035,0.9159,2518.2,6.9,8.81,9.6,12.15,Needs Evaluation,Simulated (based on journal's BBD model),"10.55248/gengpi.4.1223.123318 (simulated, derived design space)"
F0981,11.3082,3.4762,19.5526,2.8918,1.7338,2.014,2.0882,0.045,4.2594,0.0201,2.2449,49.3541,1.0118,1997.2,6.26,7.63,6.3,11.74,Needs Evaluation,Simulated (based on journal's BBD model),"10.55248/gengpi.4.1223.123318 (simulated, derived design space)"
F0982,13.3466,2.8245,26.6657,3.0925,1.8536,1.9281,1.7901,0.0366,4.1481,0.0209,2.068,41.2039,1.0214,2891.3,6.56,9.13,10.7,11.71,Needs Evaluation,Simulated (based on journal's BBD model),"10.55248/gengpi.4.1223.123318 (simulated, derived design space)"
F0983,12.9382,3.5502,20.9456,2.8493,1.9417,1.7818,1.9762,0.0362,3.4754,0.0157,1.7279,47.7566,1.0053,2440,6.56,8.5,7.7,11.78,Needs Evaluation,Simulated (based on journal's BBD model),"10.55248/gengpi.4.1223.123318 (simulated, derived design space)"
F0984,14.842,2.3329,21.3251,2.5586,1.4715,1.7944,1.7302,0.0352,3.7594,0.0182,1.8203,47.3492,0.9628,2877.3,6.56,8.98,9.9,12.02,Needs Evaluation,Simulated (based on journal's BBD model),"10.55248/gengpi.4.1223.123318 (simulated, derived design space)"
F0985,10.5929,0.8222,19.4887,3.3244,2.0733,1.9911,1.8274,0.0443,3.9227,0.0193,2.1673,52.7327,0.9935,1758.8,5.76,7.48,6.1,11.83,Needs Evaluation,Simulated (based on journal's BBD model),"10.55248/gengpi.4.1223.123318 (simulated, derived design space)"
F0986,11.2846,3.2643,26.5273,2.7177,1.7719,2.2058,2.1686,0.038,4.195,0.0178,2.0067,42.8336,0.9687,2196.7,5.99,8.6,6.7,11.57,Stable,Simulated (based on journal's BBD model),"10.55248/gengpi.4.1223.123318 (simulated, derived design space)"
F0987,9.664,1.7061,25.2521,2.6877,1.9856,1.7921,1.8222,0.038,4.2347,0.0165,1.6038,48.139,1.0582,2191,6.43,8.56,8.3,11.54,Stable,Simulated (based on journal's BBD model),"10.55248/gengpi.4.1223.123318 (simulated, derived design space)"
F0988,12.9315,2.4671,25.503,2.8841,1.7888,1.77,1.8654,0.0353,3.5355,0.0153,1.6154,44.6067,0.9819,2755.8,6.07,9.17,10.4,11.71,Stable,Simulated (based on journal's BBD model),"10.55248/gengpi.4.1223.123318 (simulated, derived design space)"
F0989,16.1537,3.2057,17.32,2.924,1.7451,2.1002,1.7203,0.0337,3.732,0.0201,1.6601,48.5909,0.7941,2574.8,6.56,8.56,8.8,12.14,Needs Evaluation,Simulated (based on journal's BBD model),"10.55248/gengpi.4.1223.123318 (simulated, derived design space)"
F0990,16.675,2.6149,18.1657,2.7963,1.877,1.8688,1.8995,0.0318,3.9573,0.0198,1.6461,47.4984,0.9494,2587.5,6.06,8.52,9.6,12.2,Stable,Simulated (based on journal's BBD model),"10.55248/gengpi.4.1223.123318 (simulated, derived design space)"
F0991,13.1785,3.0277,24.8154,2.4911,1.9264,2.139,1.6821,0.0415,3.9782,0.0203,1.7525,43.8955,1.0518,2680.5,6.12,8.78,9.7,11.76,Stable,Simulated (based on journal's BBD model),"10.55248/gengpi.4.1223.123318 (simulated, derived design space)"
F0992,13.6799,2.3244,23.8098,2.7208,1.4766,1.6114,1.8087,0.0326,3.8157,0.0179,1.4282,46.5386,0.7355,2955.9,6.27,9.43,12.7,11.82,Stable,Simulated (based on journal's BBD model),"10.55248/gengpi.4.1223.123318 (simulated, derived design space)"
F0993,11.3575,1.6553,20.3995,2.6234,1.7026,1.9051,2.0665,0.0348,3.343,0.0203,1.9787,52.0834,0.8299,2220.1,5.96,8.33,10.6,11.85,Stable,Simulated (based on journal's BBD model),"10.55248/gengpi.4.1223.123318 (simulated, derived design space)"
F0994,13.6824,1.1223,21.9738,2.9066,1.8127,1.9496,1.8229,0.0352,3.482,0.018,1.5853,48.5885,1.0208,2611.9,5.88,8.63,8,11.95,Stable,Simulated (based on journal's BBD model),"10.55248/gengpi.4.1223.123318 (simulated, derived design space)"
F0995,14.1439,1.4219,22.135,2.5997,1.5743,1.6876,1.8981,0.0368,3.1507,0.016,1.8532,48.6339,0.8489,2786.9,5.92,8.69,10.7,12,Stable,Simulated (based on journal's BBD model),"10.55248/gengpi.4.1223.123318 (simulated, derived design space)"
F0996,15.4724,2.8162,26.1587,2.6277,1.6953,2.1372,1.9942,0.0412,3.1974,0.0179,2.0085,40.8783,0.955,2964.6,6.15,9.23,9.9,11.89,Stable,Simulated (based on journal's BBD model),"10.55248/gengpi.4.1223.123318 (simulated, derived design space)"
F0997,10.6154,2.6768,20.3724,2.728,2.1815,1.9295,1.8856,0.0416,4.3763,0.0167,1.9184,50.3364,0.9213,1925.4,6,7.73,7.2,11.71,Needs Evaluation,Simulated (based on journal's BBD model),"10.55248/gengpi.4.1223.123318 (simulated, derived design space)"
F0998,11.4815,3.3953,18.8708,2.4669,1.7608,1.9525,1.6779,0.0375,3.9282,0.0209,1.7385,51.7985,0.8707,2152.3,6.43,7.92,6.1,11.78,Stable,Simulated (based on journal's BBD model),"10.55248/gengpi.4.1223.123318 (simulated, derived design space)"
F0999,11.805,1.207,22.4194,3.1548,1.8503,1.8199,1.7151,0.0399,3.9354,0.0185,1.7415,49.2011,1.0923,2213.4,5.9,8.42,6.5,11.78,Stable,Simulated (based on journal's BBD model),"10.55248/gengpi.4.1223.123318 (simulated, derived design space)"
F1000,11.8046,1.6648,25.8581,2.964,2.1116,1.9026,1.8197,0.0323,4.2281,0.0187,1.9506,44.7119,0.9331,2633.4,5.98,8.75,8.8,11.69,Stable,Simulated (based on journal's BBD model),"10.55248/gengpi.4.1223.123318 (simulated, derived design space)"
